file_path,domain,category,i18n_count,hardcoded_count,legacy_bundle_count,has_fmt_taglib
src/main/webapp/500.jsp,500.jsp,none,0,1,0,no
src/main/webapp/PMmodule/Admin/Facility/EditFacility.jsp,PMmodule,none,0,38,0,no
src/main/webapp/PMmodule/Admin/Facility/ListFacilities.jsp,PMmodule,none,0,7,0,no
src/main/webapp/PMmodule/Admin/ProgramEdit/clients.jsp,PMmodule,none,0,9,0,no
src/main/webapp/PMmodule/Admin/ProgramSignatures.jsp,PMmodule,none,0,8,0,no
src/main/webapp/PMmodule/Admin/ProgramView/clients.jsp,PMmodule,none,0,13,0,no
src/main/webapp/PMmodule/Admin/ProgramView/vacancies.jsp,PMmodule,none,0,7,0,no
src/main/webapp/WEB-INF/jsp/admin/auditLogPurge.jsp,WEB-INF,none,0,3,0,yes
src/main/webapp/WEB-INF/jsp/admin/clinicAdmin.jsp,WEB-INF,partial,13,2,13,yes
src/main/webapp/WEB-INF/jsp/admin/facility/EditFacility.jsp,WEB-INF,none,0,12,0,no
src/main/webapp/WEB-INF/jsp/admin/facility/ListFacilities.jsp,WEB-INF,none,0,3,0,no
src/main/webapp/WEB-INF/jsp/admin/fixRolesOnNotes.jsp,WEB-INF,none,0,1,0,no
src/main/webapp/WEB-INF/jsp/admin/gstControl.jsp,WEB-INF,partial,2,1,2,yes
src/main/webapp/WEB-INF/jsp/admin/gstreport.jsp,WEB-INF,partial,2,1,2,yes
src/main/webapp/WEB-INF/jsp/admin/manageCSSStyles.jsp,WEB-INF,partial,27,13,27,no
src/main/webapp/WEB-INF/jsp/admin/manageEmails.jsp,WEB-INF,none,0,13,0,no
src/main/webapp/WEB-INF/jsp/admin/uploadEntryText.jsp,WEB-INF,partial,8,1,8,yes
src/main/webapp/WEB-INF/jsp/appointment/appointmentaddarecord.jsp,WEB-INF,partial,4,1,4,yes
src/main/webapp/WEB-INF/jsp/appointment/appointmentcutrecord.jsp,WEB-INF,full,4,0,4,yes
src/main/webapp/WEB-INF/jsp/appointment/appointmentdeletearecord.jsp,WEB-INF,full,4,0,4,yes
src/main/webapp/WEB-INF/jsp/appointment/appointmentupdatearecord.jsp,WEB-INF,full,4,0,4,yes
src/main/webapp/WEB-INF/jsp/billing/CA/BC/billingCannotDelete.jsp,WEB-INF,none,0,1,0,no
src/main/webapp/WEB-INF/jsp/billing/CA/BC/billingCorrectionSubmit.jsp,WEB-INF,none,0,1,0,no
src/main/webapp/WEB-INF/jsp/billing/CA/BC/billingDeleteNoAppt.jsp,WEB-INF,none,0,1,0,no
src/main/webapp/WEB-INF/jsp/billing/CA/BC/billingDeleteWithoutNo.jsp,WEB-INF,none,0,1,0,no
src/main/webapp/WEB-INF/jsp/billing/CA/BC/receivePayment.jsp,WEB-INF,partial,9,1,9,yes
src/main/webapp/WEB-INF/jsp/billing/CA/ON/billingCannotDelete.jsp,WEB-INF,none,0,1,0,no
src/main/webapp/WEB-INF/jsp/billing/CA/ON/billingCorrectionSubmit.jsp,WEB-INF,full,4,0,4,yes
src/main/webapp/WEB-INF/jsp/billing/CA/ON/billingDeleteNoAppt.jsp,WEB-INF,none,0,1,0,no
src/main/webapp/WEB-INF/jsp/billing/CA/ON/billingDeleteWithBillNo.jsp,WEB-INF,none,0,1,0,no
src/main/webapp/WEB-INF/jsp/billing/CA/ON/billingDeleteWithoutNo.jsp,WEB-INF,none,0,1,0,no
src/main/webapp/WEB-INF/jsp/billing/CA/ON/billingONSave.jsp,WEB-INF,none,0,0,0,no
src/main/webapp/WEB-INF/jsp/billing/CA/ON/billingONSavePrintInvoice.jsp,WEB-INF,none,0,0,0,no
src/main/webapp/WEB-INF/jsp/billing/CA/ON/billingONSaveWorkloadRedirect.jsp,WEB-INF,none,0,0,0,no
src/main/webapp/WEB-INF/jsp/billing/CA/ON/billingShortcutPg2.jsp,WEB-INF,none,0,8,0,yes
src/main/webapp/WEB-INF/jsp/billing/CA/ON/dbManageBillingform_billtype.jsp,WEB-INF,none,0,0,0,no
src/main/webapp/WEB-INF/jsp/billing/CA/ON/dbManageBillingform_delete.jsp,WEB-INF,none,0,0,0,no
src/main/webapp/WEB-INF/jsp/billing/CA/ON/inr/dbINRbilling.jsp,WEB-INF,none,0,1,0,no
src/main/webapp/WEB-INF/jsp/billing/CA/ON/inr/dbUpdateINRbilling.jsp,WEB-INF,none,0,2,0,no
src/main/webapp/WEB-INF/jsp/billing/CA/ON/specialtyBilling/fluBilling/dbAddFluBilling.jsp,WEB-INF,none,0,1,0,no
src/main/webapp/WEB-INF/jsp/billing/dbManageBillingform_delete.jsp,WEB-INF,none,0,0,0,no
src/main/webapp/WEB-INF/jsp/caisicore/DefaultEncounterIssueForm.jsp,WEB-INF,partial,1,4,1,no
src/main/webapp/WEB-INF/jsp/caisicore/DefaultEncounterIssueFormRemove.jsp,WEB-INF,none,0,4,0,no
src/main/webapp/WEB-INF/jsp/caisicore/DefaultEncounterIssueList.jsp,WEB-INF,none,0,8,0,no
src/main/webapp/WEB-INF/jsp/caisicore/FacilityMessage.jsp,WEB-INF,none,0,0,0,no
src/main/webapp/WEB-INF/jsp/caisicore/FacilityMessageForm.jsp,WEB-INF,none,0,9,0,no
src/main/webapp/WEB-INF/jsp/caisicore/FacilityMessageList.jsp,WEB-INF,none,0,8,0,no
src/main/webapp/WEB-INF/jsp/caisicore/SystemMessage.jsp,WEB-INF,none,0,0,0,no
src/main/webapp/WEB-INF/jsp/caisicore/SystemMessageForm.jsp,WEB-INF,none,0,7,0,no
src/main/webapp/WEB-INF/jsp/caisicore/SystemMessageList.jsp,WEB-INF,none,0,6,0,no
src/main/webapp/WEB-INF/jsp/caisicore/issueAdminForm.jsp,WEB-INF,partial,4,3,4,no
src/main/webapp/WEB-INF/jsp/caisicore/issueAdminList.jsp,WEB-INF,partial,5,1,5,no
src/main/webapp/WEB-INF/jsp/demographic/add-form-clinical.jsp,WEB-INF,partial,33,10,33,yes
src/main/webapp/WEB-INF/jsp/demographic/add-form-personal.jsp,WEB-INF,partial,73,7,73,yes
src/main/webapp/WEB-INF/jsp/demographic/add.jsp,WEB-INF,partial,5,15,5,yes
src/main/webapp/WEB-INF/jsp/demographic/demographicaddarecord.jsp,WEB-INF,full,7,0,0,yes
src/main/webapp/WEB-INF/jsp/demographic/demographicswipe.jsp,WEB-INF,none,0,2,0,no
src/main/webapp/WEB-INF/jsp/demographic/demographicupdatearecord.jsp,WEB-INF,partial,5,1,1,yes
src/main/webapp/WEB-INF/jsp/demographic/edit-form-clinical.jsp,WEB-INF,partial,53,11,53,yes
src/main/webapp/WEB-INF/jsp/demographic/edit-form-personal.jsp,WEB-INF,partial,76,4,76,yes
src/main/webapp/WEB-INF/jsp/demographic/edit-view.jsp,WEB-INF,partial,74,4,74,yes
src/main/webapp/WEB-INF/jsp/demographic/edit.jsp,WEB-INF,partial,47,2,45,yes
src/main/webapp/WEB-INF/jsp/demographic/rourkeExport.jsp,WEB-INF,none,0,18,0,no
src/main/webapp/WEB-INF/jsp/encounter/immunization/config/AdministrateImmunizationSets.jsp,WEB-INF,full,10,0,10,yes
src/main/webapp/WEB-INF/jsp/encounter/immunization/config/CreateImmunizationSetConfig.jsp,WEB-INF,full,7,0,7,yes
src/main/webapp/WEB-INF/jsp/encounter/oscarConsultationRequest/ViewConsultationRequests.jsp,WEB-INF,full,46,0,33,yes
src/main/webapp/WEB-INF/jsp/encounter/oscarMeasurements/AddMeasurementStyleSheet.jsp,WEB-INF,full,7,0,7,yes
src/main/webapp/WEB-INF/jsp/encounter/oscarMeasurements/AddMeasurementType.jsp,WEB-INF,partial,12,3,12,yes
src/main/webapp/WEB-INF/jsp/encounter/oscarMeasurements/AddMeasuringInstruction.jsp,WEB-INF,full,9,0,9,yes
src/main/webapp/WEB-INF/jsp/encounter/oscarMeasurements/ProcessEditMeasurementGroupAction.jsp,WEB-INF,partial,1,1,1,yes
src/main/webapp/WEB-INF/jsp/mcedt/info.jsp,WEB-INF,none,0,7,0,yes
src/main/webapp/WEB-INF/jsp/mcedt/mailbox/autoDownload.jsp,WEB-INF,none,0,9,0,yes
src/main/webapp/WEB-INF/jsp/mcedt/mailbox/autoUpload.jsp,WEB-INF,none,0,7,0,yes
src/main/webapp/WEB-INF/jsp/messenger/DisplayDemographicMessages.jsp,WEB-INF,partial,13,1,13,yes
src/main/webapp/WEB-INF/jsp/messenger/ViewPDFAttachment.jsp,WEB-INF,none,0,0,0,yes
src/main/webapp/WEB-INF/jsp/messenger/ViewPDFFile.jsp,WEB-INF,none,0,0,0,yes
src/main/webapp/WEB-INF/jsp/oscarPrevention/PreventionReporting.jsp,WEB-INF,partial,2,20,2,yes
src/main/webapp/WEB-INF/jsp/oscarReport/RptByExample.jsp,WEB-INF,full,12,0,0,yes
src/main/webapp/WEB-INF/jsp/oscarReport/RptByExamplesAllFavorites.jsp,WEB-INF,full,12,0,0,yes
src/main/webapp/WEB-INF/jsp/oscarReport/RptByExamplesFavorite.jsp,WEB-INF,partial,4,1,4,yes
src/main/webapp/WEB-INF/jsp/oscarReport/RptViewAllQueryByExamples.jsp,WEB-INF,full,12,0,0,yes
src/main/webapp/WEB-INF/jsp/oscarReport/dbManageProvider.jsp,WEB-INF,none,0,1,0,no
src/main/webapp/WEB-INF/jsp/oscarReport/demographicSetEdit.jsp,WEB-INF,partial,17,1,17,yes
src/main/webapp/WEB-INF/jsp/oscarReport/obec.jsp,WEB-INF,partial,1,4,1,no
src/main/webapp/WEB-INF/jsp/oscarReport/oscarReportFluBilling.jsp,WEB-INF,full,10,0,10,no
src/main/webapp/WEB-INF/jsp/oscarResearch/oscarDxResearch/dxResearchCodeSearch.jsp,WEB-INF,full,7,0,7,yes
src/main/webapp/WEB-INF/jsp/oscarResearch/oscarDxResearch/dxResearchEditQuickList.jsp,WEB-INF,full,8,0,8,yes
src/main/webapp/WEB-INF/jsp/oscarResearch/oscarDxResearch/dxResearchSelectQuickList.jsp,WEB-INF,full,5,0,5,yes
src/main/webapp/WEB-INF/jsp/provider/UserPreferences.jsp,WEB-INF,partial,58,2,58,no
src/main/webapp/WEB-INF/jsp/provider/providerSignature.jsp,WEB-INF,full,8,0,8,yes
src/main/webapp/WEB-INF/jsp/report/ClinicalReports.jsp,WEB-INF,partial,28,4,28,yes
src/main/webapp/WEB-INF/jsp/report/ManageLetters.jsp,WEB-INF,partial,1,8,1,yes
src/main/webapp/WEB-INF/jsp/report/PopulationReport.jsp,WEB-INF,partial,2,20,2,no
src/main/webapp/WEB-INF/jsp/tickler/dbTicklerAdd.jsp,WEB-INF,none,0,0,0,no
src/main/webapp/admin/UsageReport.jsp,admin,none,0,13,0,no
src/main/webapp/admin/addQueue.jsp,admin,none,0,2,0,no
src/main/webapp/admin/admin.jsp,admin,partial,152,1,152,yes
src/main/webapp/admin/adminbackupdownload.jsp,admin,partial,2,1,0,yes
src/main/webapp/admin/admindisplaymygroup.jsp,admin,partial,6,1,6,yes
src/main/webapp/admin/adminnewgroup.jsp,admin,partial,7,2,7,yes
src/main/webapp/admin/adminsavemygroup.jsp,admin,full,3,0,3,yes
src/main/webapp/admin/api/clients.jsp,admin,none,0,15,0,yes
src/main/webapp/admin/billingSettings.jsp,admin,none,0,8,0,yes
src/main/webapp/admin/billingreferralAdmin.jsp,admin,none,0,16,0,no
src/main/webapp/admin/clinicNbrManage.jsp,admin,none,0,4,0,no
src/main/webapp/admin/configureEmail.jsp,admin,none,0,0,0,no
src/main/webapp/admin/configureFax.jsp,admin,none,0,17,0,no
src/main/webapp/admin/dbconnection.jsp,admin,none,0,0,0,no
src/main/webapp/admin/demographicmergerecord.jsp,admin,partial,2,9,2,yes
src/main/webapp/admin/displayDocumentDescriptionTemplate.jsp,admin,full,14,0,14,yes
src/main/webapp/admin/eformReportTool/eformReportTool.jsp,admin,none,0,18,0,yes
src/main/webapp/admin/emailStatusResults.jspf,admin,none,0,4,0,no
src/main/webapp/admin/faxStatusResults.jspf,admin,none,0,12,0,no
src/main/webapp/admin/groupPreferences.jsp,admin,full,4,0,4,yes
src/main/webapp/admin/groupnoacl.jsp,admin,full,4,0,4,yes
src/main/webapp/admin/jobTypes.jsp,admin,none,0,10,0,yes
src/main/webapp/admin/jobs.jsp,admin,none,0,33,0,yes
src/main/webapp/admin/keygen/createKey.jsp,admin,partial,2,11,2,yes
src/main/webapp/admin/keygen/keyManager.jsp,admin,none,0,6,0,no
src/main/webapp/admin/keygen/updateMatchingProfessionalSpecialist.jsp,admin,none,0,0,0,no
src/main/webapp/admin/labforwardingrules.jsp,admin,partial,3,11,3,yes
src/main/webapp/admin/logReport.jsp,admin,none,0,9,0,yes
src/main/webapp/admin/lookUpLists/index.jsp,admin,full,1,0,1,yes
src/main/webapp/admin/lookUpLists/lookupList.jsp,admin,none,0,0,0,no
src/main/webapp/admin/lookUpLists/manageLookUpLists.jsp,admin,full,1,0,1,yes
src/main/webapp/admin/lotnraddrecord.jsp,admin,full,6,0,6,yes
src/main/webapp/admin/lotnraddrecordhtm.jsp,admin,full,6,0,6,yes
src/main/webapp/admin/lotnrdeleterecord.jsp,admin,full,5,0,5,yes
src/main/webapp/admin/lotnrdeleterecordhtm.jsp,admin,full,6,0,6,yes
src/main/webapp/admin/lotnrsearchrecordshtm.jsp,admin,full,6,0,6,yes
src/main/webapp/admin/lotnrsearchresults.jsp,admin,full,11,0,11,yes
src/main/webapp/admin/manageFaxes.jsp,admin,none,0,12,0,no
src/main/webapp/admin/manageFlowsheets.jsp,admin,partial,1,1,0,yes
src/main/webapp/admin/manageFlowsheetsUpload.jsp,admin,none,0,0,0,yes
src/main/webapp/admin/oscarLogging.jsp,admin,partial,1,2,1,no
src/main/webapp/admin/providerAddRole.jsp,admin,partial,5,4,5,yes
src/main/webapp/admin/providerPrivilege.jsp,admin,partial,2,13,2,yes
src/main/webapp/admin/providerRole.jsp,admin,partial,16,4,16,yes
src/main/webapp/admin/provideraddarecord.jsp,admin,full,6,0,6,yes
src/main/webapp/admin/provideraddarecordhtm.jsp,admin,partial,42,6,42,yes
src/main/webapp/admin/providersearchrecordshtm.jsp,admin,full,8,0,8,yes
src/main/webapp/admin/providersearchresults.jsp,admin,partial,23,1,23,yes
src/main/webapp/admin/providertemplate.jsp,admin,full,9,0,9,yes
src/main/webapp/admin/providerupdate.jsp,admin,full,5,0,5,yes
src/main/webapp/admin/providerupdateprovider.jsp,admin,partial,46,7,46,yes
src/main/webapp/admin/resourcebaseurl.jsp,admin,full,6,0,6,yes
src/main/webapp/admin/securityaddarecord.jsp,admin,partial,30,1,27,yes
src/main/webapp/admin/securityaddsecurity.jsp,admin,full,3,0,3,yes
src/main/webapp/admin/securitydelete.jsp,admin,full,3,0,3,yes
src/main/webapp/admin/securitysearchrecordshtm.jsp,admin,full,7,0,7,yes
src/main/webapp/admin/securitysearchresults.jsp,admin,full,13,0,13,yes
src/main/webapp/admin/securityupdate.jsp,admin,full,4,0,4,yes
src/main/webapp/admin/securityupdatesecurity.jsp,admin,partial,33,1,27,yes
src/main/webapp/admin/sitesAdmin.jsp,admin,none,0,13,0,no
src/main/webapp/admin/sitesAdminDetail.jsp,admin,none,0,13,0,no
src/main/webapp/admin/traceReport.jsp,admin,partial,6,2,6,yes
src/main/webapp/admin/unLock.jsp,admin,full,4,0,4,yes
src/main/webapp/admin/updateDrugref.jsp,admin,full,6,0,0,yes
src/main/webapp/admin/updatedemographicprovider.jsp,admin,full,38,0,38,yes
src/main/webapp/administration/index.jsp,administration,full,16,0,0,yes
src/main/webapp/administration/leftNav.jspf,administration,partial,173,1,0,yes
src/main/webapp/appointment/addappointment.jsp,appointment,partial,62,5,51,yes
src/main/webapp/appointment/appointmentType.jsp,appointment,none,0,8,0,no
src/main/webapp/appointment/appointmentTypeList.jsp,appointment,none,0,4,0,yes
src/main/webapp/appointment/appointmentaddarecord.jsp,appointment,partial,4,1,4,yes
src/main/webapp/appointment/appointmentaddrecordcard.jsp,appointment,full,8,0,8,yes
src/main/webapp/appointment/appointmentaddrecordprint.jsp,appointment,full,4,0,4,yes
src/main/webapp/appointment/appointmentcontrol.jsp,appointment,none,0,0,0,no
src/main/webapp/appointment/appointmentcopyrecord.jsp,appointment,full,4,0,4,yes
src/main/webapp/appointment/appointmentcutrecord.jsp,appointment,full,4,0,4,yes
src/main/webapp/appointment/appointmentdeletearecord.jsp,appointment,full,4,0,4,yes
src/main/webapp/appointment/appointmenteditrepeatbooking.jsp,appointment,partial,25,1,25,yes
src/main/webapp/appointment/appointmentgrouprecords.jsp,appointment,full,24,0,18,yes
src/main/webapp/appointment/appointmentrepeatbooking.jsp,appointment,full,22,0,12,yes
src/main/webapp/appointment/appointmentsearch.jsp,appointment,partial,11,5,11,yes
src/main/webapp/appointment/appointmentstatuscontrol.jsp,appointment,none,0,0,0,no
src/main/webapp/appointment/appointmentstatusedit.jsp,appointment,full,7,0,7,yes
src/main/webapp/appointment/appointmentstatussetting.jsp,appointment,full,7,0,7,yes
src/main/webapp/appointment/appointmentupdatearecord.jsp,appointment,full,4,0,4,yes
src/main/webapp/appointment/appointmentviewrecordcard.jsp,appointment,full,6,0,6,yes
src/main/webapp/appointment/editappointment.jsp,appointment,partial,59,5,58,yes
src/main/webapp/appointment/index.jsp,appointment,full,1,0,1,yes
src/main/webapp/appointment/printappointment.jsp,appointment,full,3,0,3,yes
src/main/webapp/apps/close.jsp,apps,full,3,0,3,yes
src/main/webapp/billing/CA/BC/DxReference.jsp,billing,none,0,0,0,no
src/main/webapp/billing/CA/BC/TeleplanSimulation.jsp,billing,partial,2,3,2,yes
src/main/webapp/billing/CA/BC/TeleplanSubmission.jsp,billing,partial,1,8,1,yes
src/main/webapp/billing/CA/BC/adjustBill.jsp,billing,partial,3,90,3,yes
src/main/webapp/billing/CA/BC/billReceipt.jsp,billing,partial,2,28,2,yes
src/main/webapp/billing/CA/BC/billStatus.jsp,billing,partial,2,44,2,yes
src/main/webapp/billing/CA/BC/billTransactions.jsp,billing,none,0,1,0,no
src/main/webapp/billing/CA/BC/billType_frag.jsp,billing,none,0,2,0,no
src/main/webapp/billing/CA/BC/billingAccountReports.jsp,billing,partial,1,11,1,yes
src/main/webapp/billing/CA/BC/billingAddCode.jsp,billing,partial,3,6,3,yes
src/main/webapp/billing/CA/BC/billingAddPrivateCode.jsp,billing,none,0,2,0,yes
src/main/webapp/billing/CA/BC/billingAddReferralDoc.jsp,billing,partial,2,4,2,yes
src/main/webapp/billing/CA/BC/billingBC.jsp,billing,partial,28,59,28,yes
src/main/webapp/billing/CA/BC/billingCalendarPopup.jsp,billing,none,0,0,0,yes
src/main/webapp/billing/CA/BC/billingCodeAdjust.jsp,billing,partial,3,7,3,yes
src/main/webapp/billing/CA/BC/billingCodeNewSearch.jsp,billing,none,0,2,0,no
src/main/webapp/billing/CA/BC/billingCodeNewUpdate.jsp,billing,none,0,1,0,no
src/main/webapp/billing/CA/BC/billingCorrection.jsp,billing,none,0,5,0,no
src/main/webapp/billing/CA/BC/billingCorrectionReview.jsp,billing,none,0,0,0,no
src/main/webapp/billing/CA/BC/billingCorrectionSubmit.jsp,billing,none,0,0,0,no
src/main/webapp/billing/CA/BC/billingCorrectionValid.jsp,billing,none,0,0,0,no
src/main/webapp/billing/CA/BC/billingCreated.jsp,billing,partial,9,35,9,yes
src/main/webapp/billing/CA/BC/billingDataRetrieve.jspf,billing,none,0,0,0,no
src/main/webapp/billing/CA/BC/billingDeleteNoAppt.jsp,billing,none,0,2,0,no
src/main/webapp/billing/CA/BC/billingDeleteWithoutNo.jsp,billing,none,0,2,0,no
src/main/webapp/billing/CA/BC/billingDigNewSearch.jsp,billing,none,0,2,0,no
src/main/webapp/billing/CA/BC/billingDigNewUpdate.jsp,billing,none,0,1,0,no
src/main/webapp/billing/CA/BC/billingDigSearch.jsp,billing,none,0,0,0,no
src/main/webapp/billing/CA/BC/billingDigUpdate.jsp,billing,none,0,1,0,no
src/main/webapp/billing/CA/BC/billingEditCode.jsp,billing,partial,3,4,3,yes
src/main/webapp/billing/CA/BC/billingGetPriceCode.jsp,billing,none,0,1,0,no
src/main/webapp/billing/CA/BC/billingManageReferralDoc.jsp,billing,partial,2,14,2,yes
src/main/webapp/billing/CA/BC/billingPreferences.jsp,billing,none,0,12,0,no
src/main/webapp/billing/CA/BC/billingPrivateCodeAdjust.jsp,billing,partial,2,4,2,yes
src/main/webapp/billing/CA/BC/billingReferCodeSearch.jsp,billing,none,0,1,0,no
src/main/webapp/billing/CA/BC/billingReferCodeUpdate.jsp,billing,none,0,1,0,no
src/main/webapp/billing/CA/BC/billingReportCenter.jsp,billing,none,0,0,0,no
src/main/webapp/billing/CA/BC/billingReportControl.jsp,billing,none,0,0,0,yes
src/main/webapp/billing/CA/BC/billingReport_billed.jspf,billing,none,0,0,0,no
src/main/webapp/billing/CA/BC/billingReport_billob.jspf,billing,none,0,0,0,no
src/main/webapp/billing/CA/BC/billingReport_flu.jspf,billing,none,0,0,0,no
src/main/webapp/billing/CA/BC/billingReport_unbilled.jspf,billing,none,0,0,0,no
src/main/webapp/billing/CA/BC/billingReport_unsettled.jspf,billing,none,0,0,0,no
src/main/webapp/billing/CA/BC/billingSVCTrayAssoc.jsp,billing,none,0,8,0,no
src/main/webapp/billing/CA/BC/billingSaved.jsp,billing,none,0,0,0,no
src/main/webapp/billing/CA/BC/billingSim.jsp,billing,none,0,3,0,no
src/main/webapp/billing/CA/BC/billingTA.jsp,billing,none,0,0,0,no
src/main/webapp/billing/CA/BC/billingTeleplanCorrectionWCB.jsp,billing,partial,3,57,3,yes
src/main/webapp/billing/CA/BC/billingTeleplanGroupReport.jsp,billing,none,0,1,0,no
src/main/webapp/billing/CA/BC/billingView.jsp,billing,partial,9,26,9,yes
src/main/webapp/billing/CA/BC/checkEligibility.jsp,billing,none,0,0,0,no
src/main/webapp/billing/CA/BC/deletePrivateCode.jsp,billing,none,0,0,0,no
src/main/webapp/billing/CA/BC/dxcode_svccode_assoc.jsp,billing,partial,5,2,5,yes
src/main/webapp/billing/CA/BC/formwcb.jsp,billing,partial,1,53,1,yes
src/main/webapp/billing/CA/BC/genSimulation.jsp,billing,none,0,0,0,no
src/main/webapp/billing/CA/BC/genTA.jsp,billing,none,0,11,0,no
src/main/webapp/billing/CA/BC/genTAS00.jsp,billing,none,0,6,0,no
src/main/webapp/billing/CA/BC/genTAS00ByOfficeNo.jsp,billing,none,0,8,0,no
src/main/webapp/billing/CA/BC/genTAS01.jsp,billing,none,0,3,0,no
src/main/webapp/billing/CA/BC/genTAS22.jsp,billing,none,0,21,0,no
src/main/webapp/billing/CA/BC/genTeleplanGroupReport.jsp,billing,none,0,0,0,no
src/main/webapp/billing/CA/BC/manageSVCDXAssoc.jsp,billing,full,8,0,8,yes
src/main/webapp/billing/CA/BC/onAddEdit3rdAddr.jsp,billing,partial,3,8,3,yes
src/main/webapp/billing/CA/BC/onSearch3rdBillAddr.jsp,billing,partial,3,6,3,yes
src/main/webapp/billing/CA/BC/privateBilling/printPreview.jsp,billing,none,0,19,0,yes
src/main/webapp/billing/CA/BC/privateBilling/viewStatement.jsp,billing,partial,2,10,2,yes
src/main/webapp/billing/CA/BC/quickBillingBC.jsp,billing,partial,1,13,1,yes
src/main/webapp/billing/CA/BC/settleBG.jsp,billing,partial,1,1,1,yes
src/main/webapp/billing/CA/BC/support/billingcodes.jsp,billing,none,0,3,0,no
src/main/webapp/billing/CA/BC/support/billingfeeitem.jsp,billing,none,0,4,0,no
src/main/webapp/billing/CA/BC/support/bodypart.jsp,billing,none,0,6,0,no
src/main/webapp/billing/CA/BC/support/icd9.jsp,billing,none,0,3,0,no
src/main/webapp/billing/CA/BC/support/natureinjury.jsp,billing,none,0,6,0,no
src/main/webapp/billing/CA/BC/teleplan/ManageBillingCodes.jsp,billing,partial,3,6,3,yes
src/main/webapp/billing/CA/BC/teleplan/ManageTeleplan.jsp,billing,partial,2,9,2,yes
src/main/webapp/billing/CA/BC/viewReconcileReports.jsp,billing,none,0,11,0,no
src/main/webapp/billing/CA/BC/wcbClose.jsp,billing,none,0,1,0,yes
src/main/webapp/billing/CA/BC/wcbForms.jsp,billing,partial,2,9,2,yes
src/main/webapp/billing/CA/ON/ScheduleOfBenefitsUpload.jsp,billing,partial,7,11,7,yes
src/main/webapp/billing/CA/ON/addEditServiceCode.jsp,billing,partial,4,13,4,yes
src/main/webapp/billing/CA/ON/batchBilling.jsp,billing,partial,20,1,20,no
src/main/webapp/billing/CA/ON/batcherror.jsp,billing,none,0,0,0,no
src/main/webapp/billing/CA/ON/batchsaved.jsp,billing,full,1,0,1,no
src/main/webapp/billing/CA/ON/billStatus.jsp,billing,none,0,0,0,yes
src/main/webapp/billing/CA/ON/billingCalendarPopup.jsp,billing,full,11,0,11,yes
src/main/webapp/billing/CA/ON/billingClipboard.jsp,billing,none,0,0,0,no
src/main/webapp/billing/CA/ON/billingCodeSearch.jsp,billing,none,0,1,0,no
src/main/webapp/billing/CA/ON/billingCodeSearchAjax.jsp,billing,none,0,0,0,no
src/main/webapp/billing/CA/ON/billingCodeUpdate.jsp,billing,none,0,1,0,no
src/main/webapp/billing/CA/ON/billingCorrection.jsp,billing,none,0,0,0,no
src/main/webapp/billing/CA/ON/billingCorrectionReview.jsp,billing,full,35,0,35,yes
src/main/webapp/billing/CA/ON/billingCorrectionSubmit.jsp,billing,full,4,0,4,yes
src/main/webapp/billing/CA/ON/billingCorrectionValid.jsp,billing,none,0,0,0,no
src/main/webapp/billing/CA/ON/billingDeleteNoAppt.jsp,billing,none,0,2,0,no
src/main/webapp/billing/CA/ON/billingDeleteWithBillNo.jsp,billing,none,0,1,0,no
src/main/webapp/billing/CA/ON/billingDeleteWithoutNo.jsp,billing,none,0,2,0,no
src/main/webapp/billing/CA/ON/billingDigSearch.jsp,billing,partial,14,2,14,yes
src/main/webapp/billing/CA/ON/billingDigSearchAjax.jsp,billing,none,0,0,0,no
src/main/webapp/billing/CA/ON/billingDigUpdate.jsp,billing,none,0,1,0,no
src/main/webapp/billing/CA/ON/billingEAreport.jsp,billing,partial,2,37,2,yes
src/main/webapp/billing/CA/ON/billingEditWithApptNo.jsp,billing,none,0,3,0,no
src/main/webapp/billing/CA/ON/billingLreport.jsp,billing,partial,1,2,1,yes
src/main/webapp/billing/CA/ON/billingOB.jsp,billing,none,0,0,0,no
src/main/webapp/billing/CA/ON/billingOB2.jsp,billing,none,0,0,0,no
src/main/webapp/billing/CA/ON/billingOBECEA.jsp,billing,none,0,1,0,yes
src/main/webapp/billing/CA/ON/billingOHIPreport.jsp,billing,none,0,0,0,no
src/main/webapp/billing/CA/ON/billingOHIPsimulation.jsp,billing,partial,2,11,2,yes
src/main/webapp/billing/CA/ON/billingON.jsp,billing,partial,80,12,0,yes
src/main/webapp/billing/CA/ON/billingON3rdInv.jsp,billing,partial,3,18,3,yes
src/main/webapp/billing/CA/ON/billingON3rdPayments.jsp,billing,partial,2,23,2,yes
src/main/webapp/billing/CA/ON/billingON3rdViewPayment.jsp,billing,none,0,14,0,yes
src/main/webapp/billing/CA/ON/billingONCorrection.jsp,billing,partial,62,12,62,yes
src/main/webapp/billing/CA/ON/billingONDisplay.jsp,billing,partial,51,7,51,yes
src/main/webapp/billing/CA/ON/billingONEditPrivateCode.jsp,billing,partial,3,8,3,yes
src/main/webapp/billing/CA/ON/billingONHistory.jsp,billing,full,20,0,0,yes
src/main/webapp/billing/CA/ON/billingONHistorySpec.jsp,billing,none,0,1,0,no
src/main/webapp/billing/CA/ON/billingONMRI.jsp,billing,partial,2,9,2,yes
src/main/webapp/billing/CA/ON/billingONNewReport.jsp,billing,partial,1,5,1,yes
src/main/webapp/billing/CA/ON/billingONPayment.jsp,billing,full,46,0,46,yes
src/main/webapp/billing/CA/ON/billingONReport.jsp,billing,none,0,0,0,no
src/main/webapp/billing/CA/ON/billingONReview.jsp,billing,partial,2,25,2,yes
src/main/webapp/billing/CA/ON/billingONSave.jsp,billing,none,0,0,0,yes
src/main/webapp/billing/CA/ON/billingONStatus.jsp,billing,partial,7,50,7,yes
src/main/webapp/billing/CA/ON/billingONStatusERUpdateStatus.jsp,billing,none,0,0,0,no
src/main/webapp/billing/CA/ON/billingONUpload.jsp,billing,partial,2,2,2,yes
src/main/webapp/billing/CA/ON/billingON_dx_desc.jsp,billing,none,0,0,0,yes
src/main/webapp/billing/CA/ON/billingONfavourite.jsp,billing,partial,2,8,2,yes
src/main/webapp/billing/CA/ON/billingReportCenter.jsp,billing,none,0,6,0,no
src/main/webapp/billing/CA/ON/billingReportControl.jsp,billing,none,0,0,0,no
src/main/webapp/billing/CA/ON/billingReport_billed.jspf,billing,none,0,0,0,no
src/main/webapp/billing/CA/ON/billingReport_billob.jspf,billing,none,0,0,0,no
src/main/webapp/billing/CA/ON/billingReport_flu.jspf,billing,none,0,0,0,no
src/main/webapp/billing/CA/ON/billingReport_unbilled.jspf,billing,none,0,0,0,no
src/main/webapp/billing/CA/ON/billingReport_unsettled.jspf,billing,none,0,0,0,no
src/main/webapp/billing/CA/ON/billingResearchCodeSearch.jsp,billing,none,0,1,0,no
src/main/webapp/billing/CA/ON/billingResearchCodeUpdate.jsp,billing,none,0,1,0,no
src/main/webapp/billing/CA/ON/billingShortcutPg1.jsp,billing,partial,81,15,81,yes
src/main/webapp/billing/CA/ON/billingShortcutPg2.jsp,billing,none,0,8,0,yes
src/main/webapp/billing/CA/ON/editBillingPaymentType.jsp,billing,none,0,10,0,no
src/main/webapp/billing/CA/ON/endYearStatement.jsp,billing,partial,2,11,2,yes
src/main/webapp/billing/CA/ON/genGroupReport.jsp,billing,none,0,0,0,no
src/main/webapp/billing/CA/ON/genRA.jsp,billing,none,0,0,0,no
src/main/webapp/billing/CA/ON/genRADesc.jsp,billing,partial,7,3,7,yes
src/main/webapp/billing/CA/ON/genRASummary.jsp,billing,none,0,24,0,no
src/main/webapp/billing/CA/ON/genRASummaryDetail.jsp,billing,none,0,24,0,no
src/main/webapp/billing/CA/ON/genSimulation.jsp,billing,none,0,0,0,no
src/main/webapp/billing/CA/ON/genreport.jsp,billing,none,0,0,0,no
src/main/webapp/billing/CA/ON/inr/genINRbilling.jsp,billing,none,0,0,0,no
src/main/webapp/billing/CA/ON/inr/onGenINRbilling.jsp,billing,none,0,0,0,no
src/main/webapp/billing/CA/ON/inr/reportINR.jsp,billing,partial,2,10,2,yes
src/main/webapp/billing/CA/ON/inr/reviewINRbilling.jsp,billing,none,0,0,0,no
src/main/webapp/billing/CA/ON/inr/updateINRbilling.jsp,billing,none,0,1,0,no
src/main/webapp/billing/CA/ON/manageBillingLocation.jsp,billing,partial,7,2,7,yes
src/main/webapp/billing/CA/ON/manageBillingPaymentType.jsp,billing,partial,1,7,1,yes
src/main/webapp/billing/CA/ON/manageBillingform.jsp,billing,full,11,0,11,yes
src/main/webapp/billing/CA/ON/manageBillingform_add.jspf,billing,partial,13,4,13,yes
src/main/webapp/billing/CA/ON/manageBillingform_billtype.jsp,billing,partial,1,3,1,yes
src/main/webapp/billing/CA/ON/manageBillingform_dx.jspf,billing,full,1,0,1,yes
src/main/webapp/billing/CA/ON/manageBillingform_premium.jspf,billing,full,6,0,6,yes
src/main/webapp/billing/CA/ON/manageBillingform_service.jspf,billing,full,1,0,1,yes
src/main/webapp/billing/CA/ON/onAddEdit3rdAddr.jsp,billing,partial,3,8,3,yes
src/main/webapp/billing/CA/ON/onGenRA.jsp,billing,partial,2,9,2,yes
src/main/webapp/billing/CA/ON/onGenRAError.jsp,billing,none,0,16,0,no
src/main/webapp/billing/CA/ON/onGenRASummary.jsp,billing,none,0,26,0,no
src/main/webapp/billing/CA/ON/onGenRAsettle.jsp,billing,none,0,0,0,no
src/main/webapp/billing/CA/ON/onGenRAsettle35.jsp,billing,none,0,0,0,no
src/main/webapp/billing/CA/ON/onSearch3rdBillAddr.jsp,billing,partial,3,6,3,yes
src/main/webapp/billing/CA/ON/ongenreport.jsp,billing,none,0,0,0,no
src/main/webapp/billing/CA/ON/onregenreport.jsp,billing,none,0,0,0,no
src/main/webapp/billing/CA/ON/printBillingClipboard.jsp,billing,none,0,0,0,no
src/main/webapp/billing/CA/ON/searchRefDoc.jsp,billing,partial,13,1,13,yes
src/main/webapp/billing/CA/ON/searchRefDocAjax.jsp,billing,none,0,0,0,no
src/main/webapp/billing/CA/ON/specialtyBilling/fluBilling/onDbAddFluBilling.jsp,billing,none,0,1,0,no
src/main/webapp/billing/CA/ON/viewMOHFiles.jsp,billing,partial,2,8,2,yes
src/main/webapp/billing/CA/ON/zfooterbackclose.jsp,billing,full,2,0,2,yes
src/main/webapp/billing/billingCalendarPopup.jsp,billing,none,0,0,0,no
src/main/webapp/billing/manageBillingform.jsp,billing,full,10,0,10,yes
src/main/webapp/billing/manageBillingform_add.jspf,billing,partial,12,1,12,yes
src/main/webapp/billing/manageBillingform_dx.jspf,billing,full,1,0,1,yes
src/main/webapp/billing/manageBillingform_premium.jspf,billing,full,6,0,6,yes
src/main/webapp/billing/manageBillingform_service.jspf,billing,full,1,0,1,yes
src/main/webapp/caisicore/error.jsp,caisicore,none,0,0,0,no
src/main/webapp/caisicore/messages.jsp,caisicore,none,0,0,0,no
src/main/webapp/caisicore/taglibs.jsp,caisicore,none,0,0,0,yes
src/main/webapp/calendar/oscarCalendarPopup.jsp,calendar,full,11,0,11,no
src/main/webapp/casemgmt/CaseManagementEntry.jsp,casemgmt,partial,20,9,19,no
src/main/webapp/casemgmt/CaseManagementView.jsp,casemgmt,none,0,28,0,no
src/main/webapp/casemgmt/ChartNotes.jsp,casemgmt,partial,34,2,34,no
src/main/webapp/casemgmt/ChartNotesAjax.jsp,casemgmt,partial,37,2,37,no
src/main/webapp/casemgmt/IssueSearch.jsp,casemgmt,none,0,8,0,no
src/main/webapp/casemgmt/allergies.jsp,casemgmt,none,0,3,0,no
src/main/webapp/casemgmt/attachClient.jsp,casemgmt,partial,1,28,1,no
src/main/webapp/casemgmt/clientNeverInTheProgramError.jsp,casemgmt,none,0,1,0,no
src/main/webapp/casemgmt/client_history_printPreview.jsp,casemgmt,none,0,2,0,no
src/main/webapp/casemgmt/close.jsp,casemgmt,none,0,0,0,no
src/main/webapp/casemgmt/closeWithError.jsp,casemgmt,none,0,0,0,no
src/main/webapp/casemgmt/displayNote.jsp,casemgmt,none,0,0,0,no
src/main/webapp/casemgmt/domain-error.jsp,casemgmt,none,0,1,0,no
src/main/webapp/casemgmt/encounterLayout.jsp,casemgmt,none,0,0,0,no
src/main/webapp/casemgmt/error.jsp,casemgmt,none,0,0,0,no
src/main/webapp/casemgmt/expired.jsp,casemgmt,none,0,0,0,no
src/main/webapp/casemgmt/footer.jsp,casemgmt,none,0,0,0,no
src/main/webapp/casemgmt/forward.jsp,casemgmt,none,0,0,0,no
src/main/webapp/casemgmt/groupNoteSelect.jsp,casemgmt,none,0,5,0,no
src/main/webapp/casemgmt/groupNoteSelectAction.jsp,casemgmt,none,0,0,0,no
src/main/webapp/casemgmt/historyview.jsp,casemgmt,none,0,0,0,no
src/main/webapp/casemgmt/index.jsp,casemgmt,none,0,0,0,no
src/main/webapp/casemgmt/messages.jsp,casemgmt,none,0,0,0,no
src/main/webapp/casemgmt/navigation.jsp,casemgmt,none,0,10,0,no
src/main/webapp/casemgmt/newCaseManagementView.jsp,casemgmt,none,0,0,0,no
src/main/webapp/casemgmt/newEncounterHeader.jsp,casemgmt,full,1,0,1,yes
src/main/webapp/casemgmt/newEncounterLayout.js.jsp,casemgmt,none,0,0,0,no
src/main/webapp/casemgmt/newEncounterLayout.jsp,casemgmt,partial,95,3,95,no
src/main/webapp/casemgmt/newNavigation.jsp,casemgmt,full,1,0,1,yes
src/main/webapp/casemgmt/noDemo.jsp,casemgmt,none,0,0,0,no
src/main/webapp/casemgmt/noteBrowser.jsp,casemgmt,full,23,0,23,yes
src/main/webapp/casemgmt/noteIssueList.jsp,casemgmt,full,20,0,12,no
src/main/webapp/casemgmt/prescriptions.jsp,casemgmt,none,0,2,0,no
src/main/webapp/casemgmt/reminders.jsp,casemgmt,none,0,2,0,no
src/main/webapp/casemgmt/rightColumn.jsp,casemgmt,partial,1,2,1,no
src/main/webapp/casemgmt/search.jsp,casemgmt,none,0,28,0,no
src/main/webapp/casemgmt/showHistory.jsp,casemgmt,none,0,0,0,no
src/main/webapp/casemgmt/taglibs.jsp,casemgmt,none,0,0,0,yes
src/main/webapp/casemgmt/ticklers.jsp,casemgmt,none,0,6,0,no
src/main/webapp/casemgmt/unlockAjax.jsp,casemgmt,partial,2,4,2,yes
src/main/webapp/casemgmt/unlockNoteForm.jsp,casemgmt,none,0,1,0,no
src/main/webapp/casemgmt/unlockNoteSuccess.jsp,casemgmt,none,0,1,0,no
src/main/webapp/casemgmt/uploadimage.jsp,casemgmt,none,0,5,0,no
src/main/webapp/casemgmt/viewNotes.jsp,casemgmt,partial,4,2,4,yes
src/main/webapp/closenreload.jsp,closenreload.jsp,none,0,0,0,no
src/main/webapp/common/OntarioMDRedirect.jsp,common,none,0,1,0,no
src/main/webapp/common/auth.jsp,common,none,0,0,0,no
src/main/webapp/common/error.jsp,common,none,0,0,0,no
src/main/webapp/common/messages.jsp,common,none,0,0,0,no
src/main/webapp/common/omdDiseaseList.jsp,common,none,0,0,0,no
src/main/webapp/common/webAppContextAndSuperMgr.jsp,common,none,0,0,0,no
src/main/webapp/css/caisi_css.jsp,css,none,0,0,0,no
src/main/webapp/decision/annualreview/annualreviewplanner.jsp,decision,none,0,1,0,no
src/main/webapp/decision/annualreview/annualreviewplannerprint.jsp,decision,none,0,0,0,no
src/main/webapp/decision/annualreview/checklistedit.jsp,decision,none,0,1,0,no
src/main/webapp/decision/annualreview/riskedit.jsp,decision,none,0,1,0,no
src/main/webapp/decision/antenatal/antenatalplanner.jsp,decision,none,0,5,0,no
src/main/webapp/decision/antenatal/antenatalplannerprint.jsp,decision,none,0,0,0,no
src/main/webapp/decision/antenatal/obarchecklistedit_99_12.jsp,decision,none,0,1,0,no
src/main/webapp/decision/antenatal/obarriskedit_99_12.jsp,decision,none,0,1,0,no
src/main/webapp/decision/antenatal/zgetarriskdata.jsp,decision,none,0,0,0,no
src/main/webapp/demographic/AddAlternateContact.jsp,demographic,partial,4,12,4,yes
src/main/webapp/demographic/EnrollmentHistory.jsp,demographic,partial,1,9,1,yes
src/main/webapp/demographic/ManageContacts.jsp,demographic,partial,2,4,2,no
src/main/webapp/demographic/addDemoToPatientSet.jsp,demographic,none,0,0,0,no
src/main/webapp/demographic/addEditContact.jsp,demographic,partial,2,3,2,no
src/main/webapp/demographic/addEditProfessionalContact.jsp,demographic,partial,2,2,2,no
src/main/webapp/demographic/addnewdemographicswipe.jsp,demographic,none,0,1,0,no
src/main/webapp/demographic/autocomplete.jsp,demographic,none,0,0,0,no
src/main/webapp/demographic/close.jsp,demographic,none,0,0,0,no
src/main/webapp/demographic/contact.jsp,demographic,none,0,32,0,no
src/main/webapp/demographic/contactSearch.jsp,demographic,partial,3,5,3,no
src/main/webapp/demographic/demographicAudit.jsp,demographic,none,0,6,0,yes
src/main/webapp/demographic/demographicCohort.jsp,demographic,full,6,0,6,no
src/main/webapp/demographic/demographicExport.jsp,demographic,partial,33,3,32,yes
src/main/webapp/demographic/demographicImport.jsp,demographic,partial,3,3,3,yes
src/main/webapp/demographic/demographicaddarecordhtm.jsp,demographic,none,0,0,0,no
src/main/webapp/demographic/demographicappthistory.jsp,demographic,full,17,0,17,yes
src/main/webapp/demographic/demographiceditdemographic.js.jsp,demographic,none,0,3,0,no
src/main/webapp/demographic/demographiceditdemographic.jsp,demographic,partial,251,21,249,yes
src/main/webapp/demographic/demographiclabelprintsetting.jsp,demographic,full,24,0,24,yes
src/main/webapp/demographic/demographicpdflabel.jsp,demographic,full,30,0,30,yes
src/main/webapp/demographic/demographicprintdemographic.jsp,demographic,full,5,0,5,yes
src/main/webapp/demographic/demographicsearch2apptresults.jsp,demographic,full,32,0,32,yes
src/main/webapp/demographic/demographicsearch2reportresults.jsp,demographic,full,16,0,16,yes
src/main/webapp/demographic/demographicsearchresults.jsp,demographic,partial,22,5,22,yes
src/main/webapp/demographic/displayFirstNationsModule.jsp,demographic,none,0,0,0,no
src/main/webapp/demographic/displayHealthCareTeam.jsp,demographic,partial,2,6,2,yes
src/main/webapp/demographic/footer.jsp,demographic,full,2,0,2,yes
src/main/webapp/demographic/manageFirstNationsModule.jsp,demographic,none,0,1,0,no
src/main/webapp/demographic/manageHealthCareTeam.jsp,demographic,partial,2,5,2,yes
src/main/webapp/demographic/printAddressLabel.jsp,demographic,full,3,0,3,yes
src/main/webapp/demographic/printClientLabLabel.jsp,demographic,full,3,0,3,yes
src/main/webapp/demographic/printDemoChartLabel.jsp,demographic,full,3,0,3,yes
src/main/webapp/demographic/printDemoLabel.jsp,demographic,full,3,0,3,yes
src/main/webapp/demographic/printEnvelope.jsp,demographic,full,3,0,3,yes
src/main/webapp/demographic/procontact.jsp,demographic,none,0,10,0,no
src/main/webapp/demographic/procontactSearch.jsp,demographic,partial,5,2,5,no
src/main/webapp/demographic/professionalSpecialistSearch.jsp,demographic,partial,3,1,3,no
src/main/webapp/demographic/search.jsp,demographic,full,3,0,3,yes
src/main/webapp/demographic/viewContact.jsp,demographic,partial,1,1,1,no
src/main/webapp/demographic/zdemographicfulltitlesearch.jsp,demographic,partial,23,2,23,yes
src/main/webapp/demographic/zdemographicswipe.jsp,demographic,none,0,3,0,no
src/main/webapp/demographic/zfooterbackclose.jsp,demographic,full,2,0,2,yes
src/main/webapp/documentManager/MultiPageDocDisplay.jsp,documentManager,partial,16,14,15,yes
src/main/webapp/documentManager/addDocument.jsp,documentManager,full,32,0,0,yes
src/main/webapp/documentManager/addedithtmldocument.jsp,documentManager,partial,8,18,8,yes
src/main/webapp/documentManager/attachDocument.jsp,documentManager,partial,1,25,1,yes
src/main/webapp/documentManager/docViewerHead.jsp,documentManager,full,2,0,2,yes
src/main/webapp/documentManager/documentBrowser.jsp,documentManager,full,19,0,19,yes
src/main/webapp/documentManager/documentReport.jsp,documentManager,full,30,0,3,yes
src/main/webapp/documentManager/documentUploader.jsp,documentManager,partial,23,1,23,yes
src/main/webapp/documentManager/editDocument.jsp,documentManager,partial,7,23,7,yes
src/main/webapp/documentManager/html5AddDocuments.jsp,documentManager,partial,2,3,2,yes
src/main/webapp/documentManager/incomingDocs.jsp,documentManager,partial,68,6,67,yes
src/main/webapp/documentManager/showDocument.jsp,documentManager,partial,66,5,0,yes
src/main/webapp/eform/attachEform.jsp,eform,none,0,2,0,no
src/main/webapp/eform/displayAttachedFiles.jsp,eform,none,0,0,0,no
src/main/webapp/eform/efmFooter.jspf,eform,none,0,1,0,no
src/main/webapp/eform/efmTopNav.jspf,eform,full,4,0,4,yes
src/main/webapp/eform/efmformadd_data.jsp,eform,none,0,0,0,no
src/main/webapp/eform/efmformapconfig_lookup.jsp,eform,none,0,0,0,no
src/main/webapp/eform/efmformmanager.jsp,eform,full,17,0,17,yes
src/main/webapp/eform/efmformmanagerdeleted.jsp,eform,full,11,0,11,yes
src/main/webapp/eform/efmformmanageredit.jsp,eform,full,17,0,17,yes
src/main/webapp/eform/efmformrtl_templates.jsp,eform,none,0,0,0,no
src/main/webapp/eform/efmformslistadd.jsp,eform,full,11,0,0,yes
src/main/webapp/eform/efmimagemanager.jsp,eform,full,4,0,4,yes
src/main/webapp/eform/efmmanageformgroups.jsp,eform,partial,11,5,11,yes
src/main/webapp/eform/efmmanageindependent.jsp,eform,partial,13,1,13,yes
src/main/webapp/eform/efmmanageindependentdeleted.jsp,eform,partial,12,1,12,yes
src/main/webapp/eform/efmpatientformlist.jsp,eform,partial,16,1,0,yes
src/main/webapp/eform/efmpatientformlistdeleted.jsp,eform,partial,14,1,0,yes
src/main/webapp/eform/efmpatientformlistsingle.jsp,eform,partial,13,2,13,yes
src/main/webapp/eform/efmshowform_data.jsp,eform,none,0,0,0,no
src/main/webapp/eform/efmviewgroups.jsp,eform,full,3,0,3,yes
src/main/webapp/eform/eformFloatingToolbar/eform_floating_toolbar.jspf,eform,none,0,9,0,no
src/main/webapp/eform/eformGenerator.jsp,eform,partial,181,23,181,yes
src/main/webapp/eform/fieldNoteReport/fieldnotereport.jsp,eform,partial,21,4,21,yes
src/main/webapp/eform/fieldNoteReport/fieldnotereportdetail.jsp,eform,partial,4,15,4,yes
src/main/webapp/eform/fieldNoteReport/fieldnoteselect.jsp,eform,full,17,0,17,yes
src/main/webapp/eform/partials/import.jsp,eform,partial,1,2,1,yes
src/main/webapp/eform/partials/upload.jsp,eform,full,7,0,7,yes
src/main/webapp/eform/partials/upload_image.jsp,eform,full,3,0,3,yes
src/main/webapp/eform/visualEformEditor.jsp,eform,partial,114,29,0,yes
src/main/webapp/email/emailCompose.jsp,email,none,0,21,0,yes
src/main/webapp/encounter/About.jsp,encounter,none,0,0,0,no
src/main/webapp/encounter/Help.jsp,encounter,none,0,1,0,yes
src/main/webapp/encounter/Index2.jsp,encounter,none,0,0,0,yes
src/main/webapp/encounter/InsertTemplate.jsp,encounter,none,0,1,0,yes
src/main/webapp/encounter/InsertTemplate2.jsp,encounter,none,0,0,0,no
src/main/webapp/encounter/LeftNavBarDisplay.jsp,encounter,none,0,0,0,no
src/main/webapp/encounter/LeftNavBarError.jsp,encounter,full,1,0,1,yes
src/main/webapp/encounter/License.jsp,encounter,none,0,0,0,yes
src/main/webapp/encounter/TimeOut.jsp,encounter,full,3,0,3,yes
src/main/webapp/encounter/ViewAttachment.jsp,encounter,full,12,0,12,yes
src/main/webapp/encounter/billing.jsp,encounter,none,0,0,0,no
src/main/webapp/encounter/calculators.jsp,encounter,full,6,0,6,yes
src/main/webapp/encounter/calculators/CoronaryArteryDiseaseRiskPrediction.jsp,encounter,none,0,17,0,no
src/main/webapp/encounter/calculators/GeneralCalculators.jsp,encounter,full,42,0,42,yes
src/main/webapp/encounter/calculators/OsteoporoticFracture.jsp,encounter,partial,21,1,21,yes
src/main/webapp/encounter/calculators/SimpleCalculator.jsp,encounter,partial,6,5,6,yes
src/main/webapp/encounter/close.jsp,encounter,full,2,0,2,yes
src/main/webapp/encounter/concurrencyError.jsp,encounter,full,2,0,2,yes
src/main/webapp/encounter/decisionSupport/guidelineDetail.jsp,encounter,partial,12,1,12,yes
src/main/webapp/encounter/decisionSupport/guidelineList.jsp,encounter,partial,13,1,7,yes
src/main/webapp/encounter/echarthistoryprint.jsp,encounter,none,0,2,0,yes
src/main/webapp/encounter/encounterPrint.jsp,encounter,full,11,0,11,yes
src/main/webapp/encounter/error.jsp,encounter,full,4,0,4,yes
src/main/webapp/encounter/formlist.jsp,encounter,full,7,0,7,yes
src/main/webapp/encounter/immunization/Schedule.jsp,encounter,partial,12,5,12,yes
src/main/webapp/encounter/immunization/ScheduleConfig.jsp,encounter,full,7,0,7,yes
src/main/webapp/encounter/immunization/ScheduleEdit.jsp,encounter,none,0,30,0,yes
src/main/webapp/encounter/immunization/config/CreateImmunizationSetInit.jsp,encounter,full,10,0,10,yes
src/main/webapp/encounter/immunization/config/ImmunizationSetDisplay.jsp,encounter,partial,2,1,2,yes
src/main/webapp/encounter/includes/encounter-head.jspf,encounter,full,13,0,2,no
src/main/webapp/encounter/includes/encounter-header-bar.jspf,encounter,partial,10,2,0,no
src/main/webapp/encounter/includes/encounter-row-one.jspf,encounter,full,9,0,0,no
src/main/webapp/encounter/includes/encounter-row-three.jspf,encounter,partial,15,1,0,no
src/main/webapp/encounter/includes/encounter-row-two.jspf,encounter,full,8,0,0,no
src/main/webapp/encounter/includes/encounter-rx-allergies.jspf,encounter,full,8,0,0,no
src/main/webapp/encounter/includes/encounter-split-chart.jspf,encounter,partial,1,1,0,no
src/main/webapp/encounter/oscarConsultationRequest/CalendarPopup.jsp,encounter,full,13,0,13,yes
src/main/webapp/encounter/oscarConsultationRequest/ConfirmConsultationRequest.jsp,encounter,full,7,0,7,yes
src/main/webapp/encounter/oscarConsultationRequest/ConsultationFormRequest.jsp,encounter,partial,75,15,73,yes
src/main/webapp/encounter/oscarConsultationRequest/DisplayDemographicConsultationRequests.jsp,encounter,full,16,0,0,yes
src/main/webapp/encounter/oscarConsultationRequest/config/AddDepartment.jsp,encounter,partial,2,2,0,yes
src/main/webapp/encounter/oscarConsultationRequest/config/AddInstitution.jsp,encounter,partial,2,10,0,yes
src/main/webapp/encounter/oscarConsultationRequest/config/AddService.jsp,encounter,full,7,0,0,yes
src/main/webapp/encounter/oscarConsultationRequest/config/AddSpecialist.jsp,encounter,partial,45,2,0,yes
src/main/webapp/encounter/oscarConsultationRequest/config/DeleteServices.jsp,encounter,partial,5,1,0,yes
src/main/webapp/encounter/oscarConsultationRequest/config/DisplayInstitution.jsp,encounter,none,0,2,0,yes
src/main/webapp/encounter/oscarConsultationRequest/config/DisplayService.jsp,encounter,full,9,0,0,yes
src/main/webapp/encounter/oscarConsultationRequest/config/EditDepartments.jsp,encounter,partial,2,2,0,yes
src/main/webapp/encounter/oscarConsultationRequest/config/EditInstitutions.jsp,encounter,partial,2,4,0,yes
src/main/webapp/encounter/oscarConsultationRequest/config/EditSpecialists.jsp,encounter,partial,8,1,0,yes
src/main/webapp/encounter/oscarConsultationRequest/config/EnableRequestResponse.jsp,encounter,full,6,0,0,yes
src/main/webapp/encounter/oscarConsultationRequest/config/ShowAllInstitutions.jsp,encounter,none,0,0,0,no
src/main/webapp/encounter/oscarConsultationRequest/config/ShowAllServices.jsp,encounter,full,3,0,0,yes
src/main/webapp/encounter/oscarConsultationRequest/nothingtoPrint.jsp,encounter,partial,4,1,4,yes
src/main/webapp/encounter/oscarFacesheet/token_error.jsp,encounter,none,0,0,0,no
src/main/webapp/encounter/oscarMeasurements/AddMeasurementData.jsp,encounter,partial,4,7,4,yes
src/main/webapp/encounter/oscarMeasurements/AddMeasurementGroup.jsp,encounter,full,9,0,9,yes
src/main/webapp/encounter/oscarMeasurements/Customization.jsp,encounter,partial,12,1,12,yes
src/main/webapp/encounter/oscarMeasurements/DefineNewMeasurementGroup.jsp,encounter,partial,7,1,7,yes
src/main/webapp/encounter/oscarMeasurements/DisplayHistory.jsp,encounter,partial,17,4,4,yes
src/main/webapp/encounter/oscarMeasurements/DisplayMeasurementStyleSheet.jsp,encounter,full,7,0,7,yes
src/main/webapp/encounter/oscarMeasurements/DisplayMeasurementTypes.jsp,encounter,full,11,0,11,yes
src/main/webapp/encounter/oscarMeasurements/EditMeasurementGroup.jsp,encounter,full,9,0,9,yes
src/main/webapp/encounter/oscarMeasurements/EditMeasurementGroupStyle.jsp,encounter,full,7,0,7,yes
src/main/webapp/encounter/oscarMeasurements/HistoryIndex.jsp,encounter,full,7,0,7,yes
src/main/webapp/encounter/oscarMeasurements/MeasurementGroupDSadd.jsp,encounter,partial,2,2,2,yes
src/main/webapp/encounter/oscarMeasurements/MeasurementGroupDScomplete.jsp,encounter,full,2,0,2,yes
src/main/webapp/encounter/oscarMeasurements/MeasurementGroupDSremove.jsp,encounter,partial,2,2,2,yes
src/main/webapp/encounter/oscarMeasurements/Measurements.jsp,encounter,partial,13,2,11,yes
src/main/webapp/encounter/oscarMeasurements/ProcessAddMeasurementGroupAction.jsp,encounter,partial,1,1,1,yes
src/main/webapp/encounter/oscarMeasurements/ProcessMeasurementsSubmission.jsp,encounter,full,1,0,1,yes
src/main/webapp/encounter/oscarMeasurements/SelectMeasurementGroup.jsp,encounter,partial,8,1,8,yes
src/main/webapp/encounter/oscarMeasurements/TemplateFlowSheet.jsp,encounter,none,0,0,0,no
src/main/webapp/encounter/oscarMeasurements/TemplateFlowSheetPage.jspf,encounter,partial,7,12,7,yes
src/main/webapp/encounter/oscarMeasurements/TemplateFlowSheetPrint.jsp,encounter,none,0,13,0,yes
src/main/webapp/encounter/oscarMeasurements/addMeasurementMap.jsp,encounter,partial,3,10,3,yes
src/main/webapp/encounter/oscarMeasurements/addMeasurementMap2.jsp,encounter,partial,3,6,3,yes
src/main/webapp/encounter/oscarMeasurements/adminFlowsheet/EditFlowsheet.jsp,encounter,none,0,32,0,yes
src/main/webapp/encounter/oscarMeasurements/adminFlowsheet/FlowsheetAdd.jsp,encounter,none,0,4,0,yes
src/main/webapp/encounter/oscarMeasurements/adminFlowsheet/FlowsheetAddTarget.jsp,encounter,none,0,2,0,yes
src/main/webapp/encounter/oscarMeasurements/adminFlowsheet/FlowsheetAddWarning.jsp,encounter,none,0,3,0,yes
src/main/webapp/encounter/oscarMeasurements/adminFlowsheet/FlowsheetEditor.jsp,encounter,none,0,9,0,yes
src/main/webapp/encounter/oscarMeasurements/adminFlowsheet/FlowsheetItemEditor.jsp,encounter,none,0,14,0,yes
src/main/webapp/encounter/oscarMeasurements/adminFlowsheet/FlowsheetManager.jsp,encounter,none,0,24,0,yes
src/main/webapp/encounter/oscarMeasurements/adminFlowsheet/NewFlowsheet.jsp,encounter,none,0,9,0,no
src/main/webapp/encounter/oscarMeasurements/adminFlowsheet/UpdateFlowsheet.jsp,encounter,none,0,22,0,yes
src/main/webapp/encounter/oscarMeasurements/close.jsp,encounter,none,0,0,0,no
src/main/webapp/encounter/oscarMeasurements/exportMeasurement.jsp,encounter,none,0,0,0,no
src/main/webapp/encounter/oscarMeasurements/newHistoryIndex.jsp,encounter,full,8,0,8,yes
src/main/webapp/encounter/oscarMeasurements/newMeasurementMap.jsp,encounter,partial,3,8,3,yes
src/main/webapp/encounter/oscarMeasurements/remapMeasurementMap.jsp,encounter,partial,3,11,3,yes
src/main/webapp/encounter/oscarMeasurements/removeMeasurementMap.jsp,encounter,partial,3,9,3,yes
src/main/webapp/encounter/oscarMeasurements/viewMeasurementMap.jsp,encounter,partial,3,7,3,yes
src/main/webapp/episode/episodeForm.jsp,episode,none,0,10,0,yes
src/main/webapp/episode/episodeList.jsp,episode,partial,1,6,1,no
src/main/webapp/episode/success.jsp,episode,none,0,0,0,no
src/main/webapp/errorpage.jsp,errorpage.jsp,full,7,0,0,yes
src/main/webapp/failure.jsp,failure.jsp,none,0,0,0,no
src/main/webapp/fax/CoverPage.jsp,fax,none,0,16,0,yes
src/main/webapp/forcepasswordreset.jsp,forcepasswordreset.jsp,full,24,0,24,yes
src/main/webapp/form/RhInjectionDisplay.jsp,form,none,0,0,0,no
src/main/webapp/form/addRhInjection.jsp,form,partial,1,15,1,yes
src/main/webapp/form/demographicMeasurementModal.jsp,form,none,0,0,0,no
src/main/webapp/form/eCARES/formeCARES.jsp,form,none,0,13,0,yes
src/main/webapp/form/eCARES/sections/action_required.jsp,form,none,0,0,0,no
src/main/webapp/form/eCARES/sections/adls.jsp,form,none,0,4,0,no
src/main/webapp/form/eCARES/sections/advance_directive.jsp,form,none,0,2,0,no
src/main/webapp/form/eCARES/sections/assessor.jsp,form,none,0,1,0,no
src/main/webapp/form/eCARES/sections/balance.jsp,form,none,0,2,0,no
src/main/webapp/form/eCARES/sections/caregiver_relationship.jsp,form,none,0,0,0,no
src/main/webapp/form/eCARES/sections/caregiver_stress.jsp,form,none,0,2,0,no
src/main/webapp/form/eCARES/sections/clinical_frailty.jsp,form,none,0,3,0,no
src/main/webapp/form/eCARES/sections/cognition.jsp,form,none,0,4,0,no
src/main/webapp/form/eCARES/sections/communication.jsp,form,none,0,3,0,no
src/main/webapp/form/eCARES/sections/control_of_life.jsp,form,none,0,2,0,no
src/main/webapp/form/eCARES/sections/crcl.jsp,form,none,0,2,0,no
src/main/webapp/form/eCARES/sections/date.jsp,form,none,0,3,0,no
src/main/webapp/form/eCARES/sections/elimination.jsp,form,none,0,1,0,no
src/main/webapp/form/eCARES/sections/emotional.jsp,form,none,0,5,0,no
src/main/webapp/form/eCARES/sections/exercise.jsp,form,none,0,2,0,no
src/main/webapp/form/eCARES/sections/feedback_comments.jsp,form,none,0,1,0,no
src/main/webapp/form/eCARES/sections/home.jsp,form,none,0,0,0,no
src/main/webapp/form/eCARES/sections/iadls.jsp,form,none,0,5,0,no
src/main/webapp/form/eCARES/sections/immunizations.jsp,form,none,0,6,0,no
src/main/webapp/form/eCARES/sections/income.jsp,form,none,0,2,0,no
src/main/webapp/form/eCARES/sections/info.jsp,form,none,0,4,0,no
src/main/webapp/form/eCARES/sections/legend.jsp,form,none,0,0,0,no
src/main/webapp/form/eCARES/sections/marital.jsp,form,none,0,2,0,no
src/main/webapp/form/eCARES/sections/medications.jsp,form,none,0,2,0,no
src/main/webapp/form/eCARES/sections/mobility.jsp,form,none,0,6,0,no
src/main/webapp/form/eCARES/sections/motivational.jsp,form,none,0,1,0,no
src/main/webapp/form/eCARES/sections/nutrition.jsp,form,none,0,0,0,no
src/main/webapp/form/eCARES/sections/patient_info.jsp,form,none,0,0,0,no
src/main/webapp/form/eCARES/sections/problems.jsp,form,none,0,2,0,no
src/main/webapp/form/eCARES/sections/sleep.jsp,form,none,0,2,0,no
src/main/webapp/form/eCARES/sections/strength.jsp,form,none,0,1,0,no
src/main/webapp/form/eCARES/sections/supports.jsp,form,none,0,2,0,no
src/main/webapp/form/form2minwalk.jsp,form,none,0,17,0,yes
src/main/webapp/form/formBCAR2020Attachments.jsp,form,partial,7,21,7,yes
src/main/webapp/form/formBCAR2020pg1.jsp,form,partial,1,308,1,yes
src/main/webapp/form/formBCAR2020pg2.jsp,form,partial,1,33,1,yes
src/main/webapp/form/formBCAR2020pg3.jsp,form,partial,1,19,1,yes
src/main/webapp/form/formBCAR2020pg4.jsp,form,partial,1,15,1,yes
src/main/webapp/form/formBCAR2020pg5.jsp,form,partial,1,15,1,yes
src/main/webapp/form/formBCNewBorn2008.jsp,form,none,0,0,0,no
src/main/webapp/form/formBCNewBorn2008pg1.jsp,form,partial,1,55,1,yes
src/main/webapp/form/formBCNewBorn2008pg2.jsp,form,partial,1,13,1,yes
src/main/webapp/form/formBCNewBorn2008pg3.jsp,form,partial,1,13,1,yes
src/main/webapp/form/formCESD.jsp,form,none,0,7,0,yes
src/main/webapp/form/formConsultant.jsp,form,partial,1,9,1,yes
src/main/webapp/form/formCounseling.jsp,form,none,0,7,0,yes
src/main/webapp/form/formDischargeSummary.jsp,form,none,0,53,0,yes
src/main/webapp/form/formDischargeSummaryPrint.jsp,form,none,0,30,0,yes
src/main/webapp/form/formGrowth0_36.jsp,form,partial,1,31,1,yes
src/main/webapp/form/formGrowth0_36Print.jsp,form,none,0,0,0,no
src/main/webapp/form/formGrowthChart.jsp,form,partial,1,51,1,yes
src/main/webapp/form/formGrowthChartPrint.jsp,form,none,0,0,0,no
src/main/webapp/form/formInternetAccess.jsp,form,none,0,8,0,yes
src/main/webapp/form/formInvoice.jsp,form,partial,1,22,1,yes
src/main/webapp/form/formMentalHealthForm1.jsp,form,none,0,24,0,yes
src/main/webapp/form/formMentalHealthForm14.jsp,form,none,0,14,0,yes
src/main/webapp/form/formMentalHealthForm42.jsp,form,none,0,21,0,yes
src/main/webapp/form/formPositionHazard.jsp,form,none,0,96,0,yes
src/main/webapp/form/formRhImmuneGlobulin.jsp,form,partial,1,34,1,yes
src/main/webapp/form/formRourke2020p1.jsp,form,partial,260,2,260,yes
src/main/webapp/form/formRourke2020p2.jsp,form,partial,242,2,242,yes
src/main/webapp/form/formRourke2020p3.jsp,form,partial,266,2,266,yes
src/main/webapp/form/formRourke2020p4.jsp,form,partial,301,2,301,yes
src/main/webapp/form/formSF36.jsp,form,none,0,104,0,yes
src/main/webapp/form/formSF36caregiver.jsp,form,none,0,104,0,yes
src/main/webapp/form/formSatisfactionScale.jsp,form,none,0,33,0,yes
src/main/webapp/form/formSaveAndExit.jsp,form,none,0,0,0,yes
src/main/webapp/form/formSelfAssessment.jsp,form,none,0,6,0,yes
src/main/webapp/form/formVTForm.jsp,form,partial,9,58,9,yes
src/main/webapp/form/formXmlUpload.jsp,form,partial,3,1,3,yes
src/main/webapp/form/formadfv2.jsp,form,none,0,48,0,yes
src/main/webapp/form/formalpha.jsp,form,partial,89,1,89,yes
src/main/webapp/form/formannual.jsp,form,none,0,0,0,no
src/main/webapp/form/formannualV2.jsp,form,none,0,0,0,no
src/main/webapp/form/formannualfemale.jsp,form,partial,92,3,92,yes
src/main/webapp/form/formannualfemaleV2.jsp,form,partial,1,122,1,yes
src/main/webapp/form/formannualfemaleprint.jsp,form,partial,77,2,77,yes
src/main/webapp/form/formannualmale.jsp,form,partial,77,6,77,yes
src/main/webapp/form/formannualmaleV2.jsp,form,partial,1,116,1,yes
src/main/webapp/form/formbcar.jsp,form,none,0,0,0,no
src/main/webapp/form/formbcar2007.jsp,form,none,0,0,0,no
src/main/webapp/form/formbcar2007pg1.jsp,form,partial,1,104,1,yes
src/main/webapp/form/formbcar2007pg2.jsp,form,partial,1,39,1,yes
src/main/webapp/form/formbcar2007pg3.jsp,form,partial,1,35,1,yes
src/main/webapp/form/formbcar2012.jsp,form,none,0,0,0,no
src/main/webapp/form/formbcar2012pg1.jsp,form,partial,1,89,1,yes
src/main/webapp/form/formbcar2012pg2.jsp,form,partial,1,36,1,yes
src/main/webapp/form/formbcar2012pg3.jsp,form,partial,1,33,1,yes
src/main/webapp/form/formbcarpg1.jsp,form,partial,1,58,1,yes
src/main/webapp/form/formbcarpg1namepopup.jsp,form,full,2,0,2,yes
src/main/webapp/form/formbcarpg2.jsp,form,partial,1,66,1,yes
src/main/webapp/form/formbcarpg3.jsp,form,partial,1,66,1,yes
src/main/webapp/form/formbcbirthsummo.jsp,form,partial,1,16,1,yes
src/main/webapp/form/formbcbirthsummo2008.jsp,form,partial,1,18,1,yes
src/main/webapp/form/formbcclientchartchecklist.jsp,form,partial,1,25,1,yes
src/main/webapp/form/formbchp.jsp,form,none,0,0,0,no
src/main/webapp/form/formbchppg1.jsp,form,partial,1,47,1,yes
src/main/webapp/form/formbchppg2.jsp,form,partial,1,23,1,yes
src/main/webapp/form/formbcinr.jsp,form,partial,1,31,1,yes
src/main/webapp/form/formbcnewborn.jsp,form,none,0,0,0,no
src/main/webapp/form/formbcnewbornpg1.jsp,form,partial,1,15,1,yes
src/main/webapp/form/formbcnewbornpg2.jsp,form,partial,1,14,1,yes
src/main/webapp/form/formbcnewbornpg3.jsp,form,partial,1,14,1,yes
src/main/webapp/form/formcaregiver.jsp,form,none,0,28,0,yes
src/main/webapp/form/formchf.jsp,form,none,0,133,0,yes
src/main/webapp/form/formcostquestionnaire.jsp,form,none,0,61,0,yes
src/main/webapp/form/formcounsellorassessment.jsp,form,none,0,59,0,yes
src/main/webapp/form/formfalls.jsp,form,none,0,14,0,yes
src/main/webapp/form/formgripstrength.jsp,form,none,0,6,0,yes
src/main/webapp/form/formhomefalls.jsp,form,none,0,37,0,yes
src/main/webapp/form/formimmunallergy.jsp,form,none,0,17,0,yes
src/main/webapp/form/formintakeinfo.jsp,form,none,0,163,0,yes
src/main/webapp/form/formlabreq.jsp,form,none,0,65,0,yes
src/main/webapp/form/formlabreq07.jsp,form,partial,1,72,1,yes
src/main/webapp/form/formlabreq10.jsp,form,partial,1,75,1,yes
src/main/webapp/form/formlabreqprint.jsp,form,none,0,56,0,yes
src/main/webapp/form/formlatelifeFDIdisability.jsp,form,none,0,33,0,yes
src/main/webapp/form/formlatelifeFDIfunction.jsp,form,none,0,59,0,yes
src/main/webapp/form/formlatelifedisabilityvisualAid1.jsp,form,none,0,7,0,no
src/main/webapp/form/formlatelifedisabilityvisualAid2.jsp,form,none,0,8,0,no
src/main/webapp/form/formlatelifefunctionvisualAid1.jsp,form,none,0,9,0,no
src/main/webapp/form/formlatelifefunctionvisualAid2.jsp,form,none,0,9,0,no
src/main/webapp/form/formmentalhealth.jsp,form,none,0,0,0,no
src/main/webapp/form/formmhassessment.jsp,form,none,0,20,0,yes
src/main/webapp/form/formmhassessmentprint.jsp,form,none,0,14,0,yes
src/main/webapp/form/formmhoutcome.jsp,form,none,0,27,0,yes
src/main/webapp/form/formmhoutcomeprint.jsp,form,none,0,14,0,yes
src/main/webapp/form/formmhreferral.jsp,form,none,0,24,0,yes
src/main/webapp/form/formmhreferralprint.jsp,form,none,0,15,0,yes
src/main/webapp/form/formmmse.jsp,form,none,0,28,0,yes
src/main/webapp/form/formpalliativecare.jsp,form,none,0,27,0,yes
src/main/webapp/form/formperimenopausal.jsp,form,none,0,87,0,yes
src/main/webapp/form/formreceptionassessment.jsp,form,none,0,54,0,yes
src/main/webapp/form/formrourke.jsp,form,none,0,0,0,no
src/main/webapp/form/formrourke1.jsp,form,none,0,87,0,yes
src/main/webapp/form/formrourke2.jsp,form,none,0,76,0,yes
src/main/webapp/form/formrourke2006.jsp,form,none,0,0,0,no
src/main/webapp/form/formrourke2006p1.jsp,form,partial,173,7,173,yes
src/main/webapp/form/formrourke2006p2.jsp,form,partial,181,6,181,yes
src/main/webapp/form/formrourke2006p3.jsp,form,partial,193,6,193,yes
src/main/webapp/form/formrourke2006p4.jsp,form,partial,206,6,206,yes
src/main/webapp/form/formrourke2009complete.jsp,form,partial,2,7,2,yes
src/main/webapp/form/formrourke2009p1.jsp,form,full,208,0,208,yes
src/main/webapp/form/formrourke2009p2.jsp,form,full,204,0,204,yes
src/main/webapp/form/formrourke2009p3.jsp,form,full,215,0,215,yes
src/main/webapp/form/formrourke2009p4.jsp,form,full,233,0,233,yes
src/main/webapp/form/formrourke2017complete.jsp,form,partial,4,8,4,yes
src/main/webapp/form/formrourke2017p1.jsp,form,partial,257,2,257,yes
src/main/webapp/form/formrourke2017p2.jsp,form,partial,226,2,226,yes
src/main/webapp/form/formrourke2017p3.jsp,form,partial,249,2,249,yes
src/main/webapp/form/formrourke2017p4.jsp,form,partial,294,2,294,yes
src/main/webapp/form/formrourke2020complete.jsp,form,partial,4,10,4,yes
src/main/webapp/form/formrourke3.jsp,form,none,0,72,0,yes
src/main/webapp/form/formrourkep1.jsp,form,partial,165,4,165,yes
src/main/webapp/form/formrourkep2.jsp,form,partial,157,5,157,yes
src/main/webapp/form/formrourkep3.jsp,form,partial,140,5,140,yes
src/main/webapp/form/formselect.jsp,form,partial,6,2,6,yes
src/main/webapp/form/formselfadministered.jsp,form,none,0,29,0,yes
src/main/webapp/form/formselfefficacy.jsp,form,none,0,104,0,yes
src/main/webapp/form/formselfmanagement.jsp,form,none,0,70,0,yes
src/main/webapp/form/formtreatmentpref.jsp,form,none,0,4,0,yes
src/main/webapp/form/forwardname.jsp,form,none,0,0,0,no
src/main/webapp/form/forwardshortcutname.jsp,form,none,0,0,0,no
src/main/webapp/form/graphHeadCirc.jsp,form,none,0,1,0,no
src/main/webapp/form/graphLengthWeight.jsp,form,none,0,1,0,no
src/main/webapp/form/patientEncounterWorksheet.jsp,form,none,0,15,0,yes
src/main/webapp/form/pharmaForms/formBPMH.jsp,form,partial,34,1,34,yes
src/main/webapp/hospitalReportManager/ajaxResponse.jsp,hospitalReportManager,none,0,0,0,no
src/main/webapp/hospitalReportManager/displayHRMDocList.jsp,hospitalReportManager,partial,10,3,10,yes
src/main/webapp/hospitalReportManager/displayHRMReport.jsp,hospitalReportManager,partial,4,35,4,yes
src/main/webapp/hospitalReportManager/hospitalReportManager.jsp,hospitalReportManager,none,0,2,0,yes
src/main/webapp/images/spinner.jsp,images,none,0,0,0,no
src/main/webapp/includes/global-head.jspf,includes,none,0,0,0,no
src/main/webapp/index.jsp,index.jsp,partial,12,1,7,yes
src/main/webapp/js/checkPassword.js.jsp,js,full,7,0,7,yes
src/main/webapp/js/newCaseManagementView.js.jsp,js,partial,1,21,1,yes
src/main/webapp/lab/CA/ALL/labDisplay.jsp,lab,partial,62,15,0,yes
src/main/webapp/lab/CA/ALL/labDisplayAjax.jsp,lab,partial,40,8,40,yes
src/main/webapp/lab/CA/ALL/testUploader.jsp,lab,partial,6,3,6,yes
src/main/webapp/lab/CA/ALL/uploadComplete.jsp,lab,none,0,0,0,no
src/main/webapp/lab/CA/BC/LabUpload.jsp,lab,partial,4,3,4,yes
src/main/webapp/lab/CA/BC/demo_select.jsp,lab,none,0,0,0,no
src/main/webapp/lab/CA/BC/index.jsp,lab,none,0,9,0,yes
src/main/webapp/lab/CA/BC/labDisplay.jsp,lab,partial,39,4,39,yes
src/main/webapp/lab/CA/BC/report.jsp,lab,none,0,17,0,no
src/main/webapp/lab/CA/BC/searchreports.jsp,lab,none,0,3,0,no
src/main/webapp/lab/CA/ON/CMLDisplay.jsp,lab,partial,39,6,39,yes
src/main/webapp/lab/CA/ON/labValues.jsp,lab,partial,15,2,15,yes
src/main/webapp/lab/CA/ON/labValuesGraph.jsp,lab,partial,9,1,9,yes
src/main/webapp/lab/CA/ON/uploadComplete.jsp,lab,none,0,0,0,no
src/main/webapp/lab/CumulativeLabValues.jsp,lab,partial,2,3,2,yes
src/main/webapp/lab/CumulativeLabValues2.jsp,lab,partial,2,4,2,yes
src/main/webapp/lab/CumulativeLabValues3.jsp,lab,partial,2,3,2,yes
src/main/webapp/lab/DemographicLab.jsp,lab,partial,26,2,26,yes
src/main/webapp/lab/DisplayLabValue.jsp,lab,none,0,3,0,no
src/main/webapp/lab/LinkReq.jsp,lab,none,0,2,0,no
src/main/webapp/layouts/caisi_html_bottom.jspf,layouts,none,0,0,0,no
src/main/webapp/layouts/caisi_html_top.jspf,layouts,none,0,1,0,no
src/main/webapp/layouts/html_bottom.jspf,layouts,none,0,0,0,no
src/main/webapp/layouts/html_top.jspf,layouts,none,0,0,0,no
src/main/webapp/library/eforms/signatureControl.jsp,library,none,0,4,0,no
src/main/webapp/location.jsp,location.jsp,partial,2,1,2,yes
src/main/webapp/log_error.jspf,log_error.jspf,none,0,0,0,no
src/main/webapp/login/3rdpartyLogin.jsp,login,none,0,2,0,no
src/main/webapp/loginfailed.jsp,loginfailed.jsp,none,0,0,0,yes
src/main/webapp/logout.jsp,logout.jsp,full,1,0,0,yes
src/main/webapp/mcedt/addUpload.jsp,mcedt,none,0,5,0,yes
src/main/webapp/mcedt/error.jsp,mcedt,none,0,0,0,yes
src/main/webapp/mcedt/head-includes.jsp,mcedt,none,0,0,0,no
src/main/webapp/mcedt/index.jsp,mcedt,none,0,11,0,yes
src/main/webapp/mcedt/mailbox/addUpload.jsp,mcedt,none,0,2,0,yes
src/main/webapp/mcedt/mailbox/changepass.jsp,mcedt,partial,2,4,2,yes
src/main/webapp/mcedt/mailbox/download.jsp,mcedt,none,0,7,0,yes
src/main/webapp/mcedt/mailbox/head-includes.jsp,mcedt,none,0,0,0,no
src/main/webapp/mcedt/mailbox/index.jsp,mcedt,none,0,0,0,yes
src/main/webapp/mcedt/mailbox/sent.jsp,mcedt,none,0,20,0,yes
src/main/webapp/mcedt/mailbox/spinner.jsp,mcedt,none,0,0,0,no
src/main/webapp/mcedt/mailbox/upload.jsp,mcedt,none,0,8,0,yes
src/main/webapp/mcedt/messages.jsp,mcedt,none,0,0,0,yes
src/main/webapp/mcedt/update.jsp,mcedt,none,0,3,0,yes
src/main/webapp/mcedt/updateUpload.jsp,mcedt,none,0,4,0,yes
src/main/webapp/mcedt/uploads.jsp,mcedt,none,0,8,0,yes
src/main/webapp/messenger/AdjustAttachments.jsp,messenger,none,0,0,0,yes
src/main/webapp/messenger/CreateMessage.jsp,messenger,partial,27,1,0,yes
src/main/webapp/messenger/DisplayMessages.jsp,messenger,partial,30,1,0,yes
src/main/webapp/messenger/SentMessage.jsp,messenger,full,9,0,0,yes
src/main/webapp/messenger/Transfer/PostItems.jsp,messenger,none,0,0,0,no
src/main/webapp/messenger/Transfer/SearchComplete.jsp,messenger,none,0,1,0,yes
src/main/webapp/messenger/Transfer/SelectItems.jsp,messenger,none,0,1,0,yes
src/main/webapp/messenger/Transfer/error.jsp,messenger,none,0,0,0,no
src/main/webapp/messenger/ViewAttachment.jsp,messenger,none,0,1,0,yes
src/main/webapp/messenger/ViewMessage.jsp,messenger,full,35,0,0,yes
src/main/webapp/messenger/attachmentFrameset.jsp,messenger,none,0,0,0,yes
src/main/webapp/messenger/config/MessengerAdmin.jsp,messenger,partial,1,4,1,yes
src/main/webapp/messenger/generatePreviewPDF.jsp,messenger,partial,4,3,4,yes
src/main/webapp/messenger/msgSearchDemo.jsp,messenger,full,7,0,7,yes
src/main/webapp/messenger/selfCloseAndRefreshOpener.jsp,messenger,none,0,0,0,no
src/main/webapp/mfa/mfa_handler.jsp,mfa,full,2,0,0,yes
src/main/webapp/mfa/mfa_otp_handler.jsp,mfa,partial,1,1,0,yes
src/main/webapp/mfa/mfa_registration.jsp,mfa,full,4,0,0,yes
src/main/webapp/oscarMDS/Close.jsp,oscarMDS,full,1,0,1,yes
src/main/webapp/oscarMDS/CreateLab.jsp,oscarMDS,partial,1,17,1,yes
src/main/webapp/oscarMDS/CreateLabTest.jsp,oscarMDS,none,0,11,0,no
src/main/webapp/oscarMDS/ForwardingRules.jsp,oscarMDS,partial,1,11,1,yes
src/main/webapp/oscarMDS/Index.jsp,oscarMDS,partial,14,7,14,yes
src/main/webapp/oscarMDS/OpenEChart.jsp,oscarMDS,none,0,0,0,yes
src/main/webapp/oscarMDS/Page.jsp,oscarMDS,partial,16,1,16,yes
src/main/webapp/oscarMDS/PatientSearch.jsp,oscarMDS,partial,20,1,20,yes
src/main/webapp/oscarMDS/Search.jsp,oscarMDS,partial,13,3,13,yes
src/main/webapp/oscarMDS/SegmentDisplay.jsp,oscarMDS,partial,52,5,52,yes
src/main/webapp/oscarMDS/SelectProvider.jsp,oscarMDS,partial,3,4,3,no
src/main/webapp/oscarMDS/SelectProviderAltView.jsp,oscarMDS,partial,4,2,4,yes
src/main/webapp/oscarMDS/Split.jsp,oscarMDS,none,0,0,0,yes
src/main/webapp/oscarMDS/Splitclose.jsp,oscarMDS,none,0,0,0,no
src/main/webapp/oscarMDS/documentsInQueues.jsp,oscarMDS,partial,2,17,2,yes
src/main/webapp/oscarPrevention/AddPreventionData.jsp,oscarPrevention,partial,100,4,1,yes
src/main/webapp/oscarPrevention/AddPreventionDataDisambiguate.jsp,oscarPrevention,partial,5,1,5,yes
src/main/webapp/oscarPrevention/PreventionListManager.jsp,oscarPrevention,partial,2,6,2,yes
src/main/webapp/oscarPrevention/PreventionManager.jsp,oscarPrevention,partial,3,4,3,yes
src/main/webapp/oscarPrevention/close.jsp,oscarPrevention,none,0,0,0,no
src/main/webapp/oscarPrevention/dhirSubmission.jsp,oscarPrevention,partial,3,5,3,yes
src/main/webapp/oscarPrevention/index.jsp,oscarPrevention,partial,3,9,3,yes
src/main/webapp/oscarPrevention/review.jsp,oscarPrevention,partial,3,11,3,yes
src/main/webapp/oscarPrevention/test_case.jsp,oscarPrevention,none,0,0,0,yes
src/main/webapp/oscarReport/ManageDemographicQueryFavourites.jsp,oscarReport,none,0,1,0,yes
src/main/webapp/oscarReport/ReportDemographicReport.jsp,oscarReport,partial,3,44,3,yes
src/main/webapp/oscarReport/cds_4_report_form.jsp,oscarReport,none,0,10,0,no
src/main/webapp/oscarReport/cds_4_report_results.jsp,oscarReport,none,0,2,0,no
src/main/webapp/oscarReport/editCodeDesc.jsp,oscarReport,none,0,5,0,no
src/main/webapp/oscarReport/manageProvider.jsp,oscarReport,full,6,0,6,yes
src/main/webapp/oscarReport/mis_report_form.jsp,oscarReport,partial,2,7,2,no
src/main/webapp/oscarReport/oscarMeasurements/CDMReport.jsp,oscarReport,full,6,0,6,yes
src/main/webapp/oscarReport/oscarMeasurements/InitializeFrequencyOfRelevantTestsCDMReport.jsp,oscarReport,full,18,0,18,yes
src/main/webapp/oscarReport/oscarMeasurements/InitializePatientsInAbnormalRangeCDMReport.jsp,oscarReport,full,17,0,17,yes
src/main/webapp/oscarReport/oscarMeasurements/InitializePatientsMetGuidelineCDMReport.jsp,oscarReport,full,17,0,17,yes
src/main/webapp/oscarReport/oscarMeasurements/SelectCDMReport.jsp,oscarReport,partial,12,1,12,yes
src/main/webapp/oscarReport/oscarReportAgeSex.jsp,oscarReport,full,20,0,20,yes
src/main/webapp/oscarReport/oscarReportCalendarPopup.jsp,oscarReport,full,11,0,11,yes
src/main/webapp/oscarReport/oscarReportCatchment.jsp,oscarReport,partial,10,2,10,no
src/main/webapp/oscarReport/oscarReportDxReg.jsp,oscarReport,partial,3,21,3,yes
src/main/webapp/oscarReport/oscarReportVisitControl.jsp,oscarReport,partial,7,4,7,no
src/main/webapp/oscarReport/oscarReportVisit_lk.jspf,oscarReport,none,0,0,0,no
src/main/webapp/oscarReport/oscarReportVisit_vr.jspf,oscarReport,none,0,11,0,no
src/main/webapp/oscarReport/patientlist.jsp,oscarReport,partial,1,4,1,no
src/main/webapp/oscarReport/provider_service_report_export.jsp,oscarReport,none,0,0,0,no
src/main/webapp/oscarReport/provider_service_report_form.jsp,oscarReport,none,0,2,0,no
src/main/webapp/oscarReport/reportByTemplate/addEditTemplate.jsp,oscarReport,none,0,9,0,yes
src/main/webapp/oscarReport/reportByTemplate/clearSession.jsp,oscarReport,none,0,0,0,no
src/main/webapp/oscarReport/reportByTemplate/homePage.jsp,oscarReport,none,0,4,0,yes
src/main/webapp/oscarReport/reportByTemplate/listTemplates.jsp,oscarReport,none,0,0,0,no
src/main/webapp/oscarReport/reportByTemplate/rbtTopNav.jspf,oscarReport,none,0,0,0,no
src/main/webapp/oscarReport/reportByTemplate/reportConfiguration.jsp,oscarReport,partial,1,6,1,yes
src/main/webapp/oscarReport/reportByTemplate/resultReport.jsp,oscarReport,none,0,4,0,yes
src/main/webapp/oscarReport/reportByTemplate/templateGroups.jsp,oscarReport,none,0,14,0,yes
src/main/webapp/oscarReport/reportByTemplate/viewTemplate.jsp,oscarReport,none,0,3,0,yes
src/main/webapp/oscarResearch/oscarDxResearch/currentCodeList.jsp,oscarResearch,none,0,0,0,no
src/main/webapp/oscarResearch/oscarDxResearch/dxJSONCodeSearch.jsp,oscarResearch,none,0,2,0,no
src/main/webapp/oscarResearch/oscarDxResearch/dxQuickList.jsp,oscarResearch,full,1,0,1,yes
src/main/webapp/oscarResearch/oscarDxResearch/dxResearch.jsp,oscarResearch,partial,20,2,15,yes
src/main/webapp/oscarResearch/oscarDxResearch/dxResearchCustomization.jsp,oscarResearch,full,5,0,0,yes
src/main/webapp/oscarResearch/oscarDxResearch/dxResearchNewQuickList.jsp,oscarResearch,full,5,0,5,yes
src/main/webapp/oscarResearch/oscarDxResearch/dxResearchSelectAssociations.jsp,oscarResearch,full,18,0,2,yes
src/main/webapp/oscarResearch/oscarDxResearch/quickCodeList.jsp,oscarResearch,none,0,0,0,no
src/main/webapp/oscarRx/AddReaction2.jsp,oscarRx,partial,11,8,11,yes
src/main/webapp/oscarRx/AddRxComment.jsp,oscarRx,none,0,0,0,no
src/main/webapp/oscarRx/ChooseAllergy2.jsp,oscarRx,partial,6,4,6,yes
src/main/webapp/oscarRx/ChooseDrug.jsp,oscarRx,partial,19,2,19,yes
src/main/webapp/oscarRx/CopyFavorites2.jsp,oscarRx,partial,3,3,1,yes
src/main/webapp/oscarRx/DisplayRxRecord.jsp,oscarRx,partial,13,44,13,yes
src/main/webapp/oscarRx/DrugPrice.jsp,oscarRx,none,0,0,0,no
src/main/webapp/oscarRx/EditFavorites2.jsp,oscarRx,partial,2,9,2,yes
src/main/webapp/oscarRx/InteractionDisplay.jsp,oscarRx,none,0,0,0,no
src/main/webapp/oscarRx/LimitedUseCode.jsp,oscarRx,none,0,1,0,no
src/main/webapp/oscarRx/ListDrugs.jsp,oscarRx,full,9,0,0,yes
src/main/webapp/oscarRx/ManagePharmacy2.jsp,oscarRx,partial,14,6,14,yes
src/main/webapp/oscarRx/Preview2.jsp,oscarRx,partial,22,1,22,yes
src/main/webapp/oscarRx/Print.jsp,oscarRx,partial,5,1,5,yes
src/main/webapp/oscarRx/PrintDrugProfile2.jsp,oscarRx,full,6,0,6,yes
src/main/webapp/oscarRx/RenalDosing.jsp,oscarRx,none,0,2,0,no
src/main/webapp/oscarRx/SearchDrug3.jsp,oscarRx,partial,108,1,81,yes
src/main/webapp/oscarRx/SelectPharmacy2.jsp,oscarRx,partial,11,12,11,yes
src/main/webapp/oscarRx/SelectReason.jsp,oscarRx,partial,7,3,7,yes
src/main/webapp/oscarRx/ShowAllergies2.jsp,oscarRx,partial,6,11,6,yes
src/main/webapp/oscarRx/ShowPreviousPrints.jsp,oscarRx,none,0,0,0,yes
src/main/webapp/oscarRx/SideLinksEditFavorites2.jsp,oscarRx,full,6,0,6,yes
src/main/webapp/oscarRx/SideLinksNoEditFavorites.jsp,oscarRx,full,2,0,2,yes
src/main/webapp/oscarRx/SideLinksNoEditFavorites2.jsp,oscarRx,full,2,0,2,yes
src/main/webapp/oscarRx/StaticScript2.jsp,oscarRx,partial,11,4,9,yes
src/main/webapp/oscarRx/TopLinks.jsp,oscarRx,full,2,0,2,yes
src/main/webapp/oscarRx/TopLinks2.jspf,oscarRx,full,10,0,0,yes
src/main/webapp/oscarRx/UpdateInteractingDrugs.jsp,oscarRx,none,0,0,0,no
src/main/webapp/oscarRx/ViewPharmacy.jsp,oscarRx,partial,12,1,12,yes
src/main/webapp/oscarRx/ViewScript2.jsp,oscarRx,partial,21,3,0,yes
src/main/webapp/oscarRx/WriteScript.jsp,oscarRx,partial,44,17,0,yes
src/main/webapp/oscarRx/chartDrugProfile.jsp,oscarRx,partial,5,2,5,yes
src/main/webapp/oscarRx/completeMedRec.jsp,oscarRx,none,0,0,0,yes
src/main/webapp/oscarRx/displayMedHistory.jsp,oscarRx,none,0,2,0,yes
src/main/webapp/oscarRx/prescribe.jsp,oscarRx,partial,67,4,41,yes
src/main/webapp/oscarRx/setDefaultAddr.jsp,oscarRx,none,0,0,0,no
src/main/webapp/oscarRx/updateForm.jsp,oscarRx,none,0,95,0,yes
src/main/webapp/oscarRx/updateHiddenResources.jsp,oscarRx,none,0,0,0,no
src/main/webapp/oscarWorkflow/WorkFlowList.jsp,oscarWorkflow,partial,3,8,3,yes
src/main/webapp/provider/appointmentFormsLinks.jspf,provider,none,0,0,0,no
src/main/webapp/provider/appointmentPregnancy.jspf,provider,none,0,0,0,no
src/main/webapp/provider/appointmentprovideradminday.jsp,provider,partial,111,4,0,yes
src/main/webapp/provider/appointmentprovideradminmonth.jsp,provider,partial,57,4,57,yes
src/main/webapp/provider/changePassword.jsp,provider,none,0,0,0,no
src/main/webapp/provider/clients.jsp,provider,none,0,12,0,yes
src/main/webapp/provider/cpp_preferences.jsp,provider,partial,3,25,3,no
src/main/webapp/provider/editSignature.jsp,provider,full,9,0,9,yes
src/main/webapp/provider/er_clerk.jsp,provider,none,0,0,0,no
src/main/webapp/provider/formALPHAprint.jsp,provider,none,0,0,0,no
src/main/webapp/provider/formALPHAprint1.jsp,provider,none,0,24,0,no
src/main/webapp/provider/infirmarydemographiclist.jspf,provider,partial,2,2,2,yes
src/main/webapp/provider/infirmaryviewprogramlist.jspf,provider,none,0,0,0,no
src/main/webapp/provider/mainMenu.jsp,provider,partial,33,2,33,yes
src/main/webapp/provider/obarchecklistedit_99_12.jsp,provider,none,0,1,0,no
src/main/webapp/provider/obarriskedit_99_12.jsp,provider,none,0,1,0,no
src/main/webapp/provider/preference_action.jsp,provider,none,0,0,0,no
src/main/webapp/provider/providerAddress.jsp,provider,partial,5,4,5,yes
src/main/webapp/provider/providerColourErr.jsp,provider,full,4,0,4,yes
src/main/webapp/provider/providerColourPicker.jsp,provider,full,7,0,7,yes
src/main/webapp/provider/providerDefaultDxCode.jsp,provider,none,0,3,0,no
src/main/webapp/provider/providerFax.jsp,provider,full,6,0,6,yes
src/main/webapp/provider/providerFaxErr.jsp,provider,full,4,0,4,yes
src/main/webapp/provider/providerPhone.jsp,provider,full,6,0,6,yes
src/main/webapp/provider/providerPreferenceQuickLinksAction.jsp,provider,none,0,0,0,no
src/main/webapp/provider/providerPrinter.jsp,provider,full,20,0,20,yes
src/main/webapp/provider/provideraddstatus.jsp,provider,full,1,0,1,yes
src/main/webapp/provider/providerchangepassword.jsp,provider,full,26,0,26,yes
src/main/webapp/provider/providercontrol.jsp,provider,none,0,0,0,no
src/main/webapp/provider/providerdisplaymygroup.jsp,provider,full,8,0,4,yes
src/main/webapp/provider/providerencounterhistory.jsp,provider,none,0,1,0,no
src/main/webapp/provider/providerencounterprint.jsp,provider,none,0,1,0,no
src/main/webapp/provider/providerencountersingle.jsp,provider,none,0,3,0,no
src/main/webapp/provider/providernewgroup.jsp,provider,partial,6,3,6,yes
src/main/webapp/provider/providerpreference.jsp,provider,full,154,0,0,yes
src/main/webapp/provider/providersavedemographicaccessory.jsp,provider,none,0,1,0,no
src/main/webapp/provider/providersavemygroup.jsp,provider,full,4,0,4,yes
src/main/webapp/provider/providerupdatepassword.jsp,provider,none,0,1,0,no
src/main/webapp/provider/providerupdatepreference.jsp,provider,full,5,0,3,yes
src/main/webapp/provider/receptionistfindprovider.jsp,provider,partial,8,1,8,yes
src/main/webapp/provider/schedulePage.js.jsp,provider,full,9,0,6,yes
src/main/webapp/provider/setAppointmentCardPrefs.jsp,provider,none,0,1,0,no
src/main/webapp/provider/setCppSingleLine.jsp,provider,partial,1,3,1,no
src/main/webapp/provider/setDashboardPrefs.jsp,provider,full,1,0,1,no
src/main/webapp/provider/setDisplayDocumentAs.jsp,provider,none,0,1,0,no
src/main/webapp/provider/setDocDefaultQueue.jsp,provider,partial,1,2,1,no
src/main/webapp/provider/setEDocBrowserInDocumentReport.jsp,provider,partial,1,1,1,no
src/main/webapp/provider/setEDocBrowserInMasterFile.jsp,provider,partial,1,1,1,no
src/main/webapp/provider/setEncounterWindowSize.jsp,provider,none,0,1,0,no
src/main/webapp/provider/setGenProperty.jsp,provider,partial,1,2,1,no
src/main/webapp/provider/setGenRxDefaultQuantityProperty.jsp,provider,none,0,0,0,no
src/main/webapp/provider/setGenRxPageSizeProperty.jsp,provider,partial,1,2,1,no
src/main/webapp/provider/setGenRxProfileViewProperty.jsp,provider,partial,1,2,1,no
src/main/webapp/provider/setHl7LabResultPrefs.jsp,provider,none,0,1,0,no
src/main/webapp/provider/setLabAckComment.jsp,provider,partial,1,3,1,no
src/main/webapp/provider/setLabMacroPrefs.jsp,provider,partial,30,1,0,yes
src/main/webapp/provider/setLabRecallPrefs.jsp,provider,none,0,7,0,no
src/main/webapp/provider/setNoteStaleDate.jsp,provider,partial,7,2,7,no
src/main/webapp/provider/setPatientNameLength.jsp,provider,partial,1,1,1,no
src/main/webapp/provider/setPreventionPrefs.jsp,provider,none,0,0,0,no
src/main/webapp/provider/setQuickChartSize.jsp,provider,none,0,1,0,no
src/main/webapp/provider/setShowPatientDOB.jsp,provider,partial,1,3,1,no
src/main/webapp/provider/setTicklerPreferences.jsp,provider,none,0,0,0,no
src/main/webapp/provider/storeApptInSession.jsp,provider,none,0,0,0,no
src/main/webapp/provider/tabAlertsRefresh.jsp,provider,full,4,0,4,yes
src/main/webapp/provider/vaccine_provider.jsp,provider,none,0,0,0,no
src/main/webapp/report/ClinicalExport.jsp,report,none,0,0,0,no
src/main/webapp/report/GenerateLetters.jsp,report,partial,3,4,3,yes
src/main/webapp/report/reportExport.jsp,report,none,0,0,0,no
src/main/webapp/report/reportFilter.jsp,report,partial,1,4,1,yes
src/main/webapp/report/reportFormCaption.jsp,report,none,0,2,0,yes
src/main/webapp/report/reportFormConfig.jsp,report,none,0,5,0,yes
src/main/webapp/report/reportFormDemoConfig.jsp,report,none,0,4,0,yes
src/main/webapp/report/reportFormOrder.jsp,report,none,0,2,0,yes
src/main/webapp/report/reportFormRecord.jsp,report,none,0,4,0,yes
src/main/webapp/report/reportMainBeanConn.jspf,report,none,0,0,0,no
src/main/webapp/report/reportResult.jsp,report,none,0,3,0,yes
src/main/webapp/report/reportdaysheet.jsp,report,full,12,0,12,yes
src/main/webapp/report/reportecharthistory.jsp,report,partial,5,1,5,yes
src/main/webapp/report/reportedblist.jsp,report,none,0,0,0,no
src/main/webapp/report/reportindex.jsp,report,partial,10,1,8,yes
src/main/webapp/report/reportonbilledphcp.jsp,report,partial,1,57,1,yes
src/main/webapp/report/reportonbilledvisitprovider.jsp,report,none,0,9,0,no
src/main/webapp/schedule/index.jsp,schedule,full,1,0,1,yes
src/main/webapp/schedule/scheduleDisplayTemplate.jsp,schedule,none,0,0,0,no
src/main/webapp/schedule/schedulecreatedate.jsp,schedule,full,21,0,21,yes
src/main/webapp/schedule/scheduledatefinal.jsp,schedule,full,6,0,6,yes
src/main/webapp/schedule/scheduledatepopup.jsp,schedule,full,10,0,10,yes
src/main/webapp/schedule/scheduledatesave.jsp,schedule,full,1,0,1,yes
src/main/webapp/schedule/scheduleedittemplate.jsp,schedule,full,12,0,12,yes
src/main/webapp/schedule/scheduleflipview.jsp,schedule,partial,10,1,10,yes
src/main/webapp/schedule/scheduleholidaysetting.jsp,schedule,full,17,0,17,yes
src/main/webapp/schedule/scheduletemplateapplying.jsp,schedule,full,36,0,0,yes
src/main/webapp/schedule/scheduletemplatecodesetting.jsp,schedule,partial,21,1,21,yes
src/main/webapp/schedule/scheduletemplatesetting.jsp,schedule,full,13,0,0,yes
src/main/webapp/scratch/index.jsp,scratch,partial,2,2,2,yes
src/main/webapp/scratch/version.jsp,scratch,partial,3,2,2,yes
src/main/webapp/securityError.jsp,securityError.jsp,none,0,0,0,no
src/main/webapp/select_facility.jsp,select_facility.jsp,none,0,0,0,no
src/main/webapp/share/CalendarPopup.jsp,share,full,13,0,0,yes
src/main/webapp/share/templates/patient.jspf,share,full,4,0,4,yes
src/main/webapp/signature_pad/tabletSignature.jsp,signature_pad,full,3,0,3,yes
src/main/webapp/signature_pad/uploadSignature.jsp,signature_pad,none,0,0,0,no
src/main/webapp/status/sessionHeartbeat.jsp,status,none,0,0,0,no
src/main/webapp/taglibs.jsp,taglibs.jsp,none,0,0,0,yes
src/main/webapp/tickler/index.jsp,tickler,none,0,0,0,no
src/main/webapp/tickler/ticklerAdd.jsp,tickler,full,20,0,19,yes
src/main/webapp/tickler/ticklerAddWidget.jsp,tickler,none,0,10,0,no
src/main/webapp/tickler/ticklerDemoMain.jsp,tickler,partial,28,3,28,yes
src/main/webapp/tickler/ticklerEdit.jsp,tickler,full,28,0,2,yes
src/main/webapp/tickler/ticklerEditSuccess.jsp,tickler,none,0,0,0,no
src/main/webapp/tickler/ticklerMain.jsp,tickler,partial,51,3,40,yes
src/main/webapp/tickler/ticklerSuggestedText.jsp,tickler,full,9,0,9,yes
src/main/webapp/waitinglist/Add2WaitingList.jsp,waitinglist,none,0,1,0,yes
src/main/webapp/waitinglist/DisplayPatientWaitingList.jsp,waitinglist,partial,2,6,2,yes
src/main/webapp/waitinglist/DisplayWaitingList.jsp,waitinglist,partial,3,9,3,yes
src/main/webapp/waitinglist/EditWaitingListName.jsp,waitinglist,full,14,0,14,yes
src/main/webapp/waitinglist/RemoveFromWaitingList.jsp,waitinglist,none,0,1,0,yes
src/main/webapp/web/dashboard/display/AssignTickler.jsp,web,none,0,10,0,no
src/main/webapp/web/dashboard/display/DashboardDisplay.jsp,web,none,0,3,0,yes
src/main/webapp/web/dashboard/display/DrilldownDisplay.jsp,web,none,0,19,0,no
src/main/webapp/web/dashboard/display/IndicatorPanel.jsp,web,none,0,0,0,no
src/main/webapp/web/dashboard/display/sharedOutcomesDashboard.jsp,web,none,0,1,0,no
src/main/webapp/web/inboxhub/Inboxhub.jsp,web,full,4,0,0,yes
src/main/webapp/web/inboxhub/InboxhubForm.jsp,web,partial,51,4,0,yes
src/main/webapp/web/inboxhub/InboxhubListMode.jsp,web,full,26,0,0,yes
src/main/webapp/web/inboxhub/InboxhubTopbar.jsp,web,full,7,0,0,yes
src/main/webapp/web/inboxhub/InboxhubViewMode.jsp,web,partial,1,1,0,yes
